2026-06-23 17:50:38.504 [N/A] [] [background-preinit] INFO  o.h.validator.internal.util.Version - HV000001: Hibernate Validator 8.0.1.Final
2026-06-23 17:50:38.570 [N/A] [] [main] INFO  c.t.demo.TaskmgmtApplicationTests - Starting TaskmgmtApplicationTests using Java 21.0.8 with PID 5876 (started by opentaps in C:\Users\opentaps\Downloads\taskmgmt\demo)
2026-06-23 17:50:38.570 [N/A] [] [main] DEBUG c.t.demo.TaskmgmtApplicationTests - Running with Spring Boot v3.3.3, Spring v6.1.12
2026-06-23 17:50:38.570 [N/A] [] [main] INFO  c.t.demo.TaskmgmtApplicationTests - No active profile set, falling back to 1 default profile: "default"
2026-06-23 17:50:38.570 [N/A] [] [main] DEBUG o.s.boot.SpringApplication - Loading source class com.telusko.demo.TaskmgmtApplication
2026-06-23 17:50:38.716 [N/A] [] [main] DEBUG o.s.w.c.s.GenericWebApplicationContext - Refreshing org.springframework.web.context.support.GenericWebApplicationContext@1f443fae
2026-06-23 17:50:38.821 [N/A] [] [main] DEBUG o.s.b.f.s.DefaultListableBeanFactory - Creating shared instance of singleton bean 'org.springframework.context.annotation.internalConfigurationAnnotationProcessor'
2026-06-23 17:50:38.859 [N/A] [] [main] DEBUG o.s.b.f.s.DefaultListableBeanFactory - Creating shared instance of singleton bean 'org.springframework.boot.autoconfigure.internalCachingMetadataReaderFactory'
2026-06-23 17:50:39.036 [N/A] [] [main] DEBUG o.s.c.a.ClassPathBeanDefinitionScanner - Ignored because not a concrete top-level class: file [C:\Users\opentaps\Downloads\taskmgmt\demo\target\classes\com\telusko\demo\audit\repository\AuditLogRepository.class]
2026-06-23 17:50:39.051 [N/A] [] [main] DEBUG o.s.c.a.ClassPathBeanDefinitionScanner - Identified candidate component class: file [C:\Users\opentaps\Downloads\taskmgmt\demo\target\classes\com\telusko\demo\audit\service\AuditService.class]
2026-06-23 17:50:39.074 [N/A] [] [main] DEBUG o.s.c.a.ClassPathBeanDefinitionScanner - Identified candidate component class: file [C:\Users\opentaps\Downloads\taskmgmt\demo\target\classes\com\telusko\demo\auth\controller\AuthController.class]
2026-06-23 17:50:39.204 [N/A] [] [main] DEBUG o.s.c.a.ClassPathBeanDefinitionScanner - Identified candidate component class: file [C:\Users\opentaps\Downloads\taskmgmt\demo\target\classes\com\telusko\demo\auth\service\AuthService.class]
2026-06-23 17:50:39.343 [N/A] [] [main] DEBUG o.s.c.a.ClassPathBeanDefinitionScanner - Identified candidate component class: file [C:\Users\opentaps\Downloads\taskmgmt\demo\target\classes\com\telusko\demo\common\config\SecurityConfig.class]
2026-06-23 17:50:39.362 [N/A] [] [main] DEBUG o.s.c.a.ClassPathBeanDefinitionScanner - Identified candidate component class: file [C:\Users\opentaps\Downloads\taskmgmt\demo\target\classes\com\telusko\demo\common\controller\FileUploadController.class]
2026-06-23 17:50:39.476 [N/A] [] [main] DEBUG o.s.c.a.ClassPathBeanDefinitionScanner - Identified candidate component class: file [C:\Users\opentaps\Downloads\taskmgmt\demo\target\classes\com\telusko\demo\common\exception\GlobalExceptionHandler.class]
2026-06-23 17:50:39.482 [N/A] [] [main] DEBUG o.s.c.a.ClassPathBeanDefinitionScanner - Identified candidate component class: file [C:\Users\opentaps\Downloads\taskmgmt\demo\target\classes\com\telusko\demo\common\security\JwtAuthenticationFilter.class]
2026-06-23 17:50:39.488 [N/A] [] [main] DEBUG o.s.c.a.ClassPathBeanDefinitionScanner - Identified candidate component class: file [C:\Users\opentaps\Downloads\taskmgmt\demo\target\classes\com\telusko\demo\common\security\JwtTokenProvider.class]
2026-06-23 17:50:39.493 [N/A] [] [main] DEBUG o.s.c.a.ClassPathBeanDefinitionScanner - Identified candidate component class: file [C:\Users\opentaps\Downloads\taskmgmt\demo\target\classes\com\telusko\demo\common\service\LocalFileStorageService.class]
2026-06-23 17:50:39.504 [N/A] [] [main] DEBUG o.s.c.a.ClassPathBeanDefinitionScanner - Identified candidate component class: file [C:\Users\opentaps\Downloads\taskmgmt\demo\target\classes\com\telusko\demo\feature\controller\FeatureController.class]
2026-06-23 17:50:39.593 [N/A] [] [main] DEBUG o.s.c.a.ClassPathBeanDefinitionScanner - Ignored because not a concrete top-level class: file [C:\Users\opentaps\Downloads\taskmgmt\demo\target\classes\com\telusko\demo\feature\repository\FeatureRepository.class]
2026-06-23 17:50:39.601 [N/A] [] [main] DEBUG o.s.c.a.ClassPathBeanDefinitionScanner - Identified candidate component class: file [C:\Users\opentaps\Downloads\taskmgmt\demo\target\classes\com\telusko\demo\feature\service\FeatureService.class]
2026-06-23 17:50:39.719 [N/A] [] [main] DEBUG o.s.c.a.ClassPathBeanDefinitionScanner - Identified candidate component class: file [C:\Users\opentaps\Downloads\taskmgmt\demo\target\classes\com\telusko\demo\holiday\controller\HolidayController.class]
2026-06-23 17:50:39.727 [N/A] [] [main] DEBUG o.s.c.a.ClassPathBeanDefinitionScanner - Ignored because not a concrete top-level class: file [C:\Users\opentaps\Downloads\taskmgmt\demo\target\classes\com\telusko\demo\holiday\repository\HolidayRepository.class]
2026-06-23 17:50:39.727 [N/A] [] [main] DEBUG o.s.c.a.ClassPathBeanDefinitionScanner - Identified candidate component class: file [C:\Users\opentaps\Downloads\taskmgmt\demo\target\classes\com\telusko\demo\holiday\service\HolidayService.class]
2026-06-23 17:50:39.727 [N/A] [] [main] DEBUG o.s.c.a.ClassPathBeanDefinitionScanner - Identified candidate component class: file [C:\Users\opentaps\Downloads\taskmgmt\demo\target\classes\com\telusko\demo\leave\controller\LeaveController.class]
2026-06-23 17:50:39.965 [N/A] [] [main] DEBUG o.s.c.a.ClassPathBeanDefinitionScanner - Ignored because not a concrete top-level class: file [C:\Users\opentaps\Downloads\taskmgmt\demo\target\classes\com\telusko\demo\leave\repository\LeaveApprovalHistoryRepository.class]
2026-06-23 17:50:40.003 [N/A] [] [main] DEBUG o.s.c.a.ClassPathBeanDefinitionScanner - Ignored because not a concrete top-level class: file [C:\Users\opentaps\Downloads\taskmgmt\demo\target\classes\com\telusko\demo\leave\repository\LeaveBalanceRepository.class]
2026-06-23 17:50:40.010 [N/A] [] [main] DEBUG o.s.c.a.ClassPathBeanDefinitionScanner - Ignored because not a concrete top-level class: file [C:\Users\opentaps\Downloads\taskmgmt\demo\target\classes\com\telusko\demo\leave\repository\LeaveRequestRepository.class]
2026-06-23 17:50:40.015 [N/A] [] [main] DEBUG o.s.c.a.ClassPathBeanDefinitionScanner - Identified candidate component class: file [C:\Users\opentaps\Downloads\taskmgmt\demo\target\classes\com\telusko\demo\leave\service\LeaveService.class]
2026-06-23 17:50:40.029 [N/A] [] [main] DEBUG o.s.c.a.ClassPathBeanDefinitionScanner - Identified candidate component class: file [C:\Users\opentaps\Downloads\taskmgmt\demo\target\classes\com\telusko\demo\masterdata\controller\MasterDataController.class]
2026-06-23 17:50:40.040 [N/A] [] [main] DEBUG o.s.c.a.ClassPathBeanDefinitionScanner - Ignored because not a concrete top-level class: file [C:\Users\opentaps\Downloads\taskmgmt\demo\target\classes\com\telusko\demo\masterdata\repository\MasterTypeRepository.class]
2026-06-23 17:50:40.041 [N/A] [] [main] DEBUG o.s.c.a.ClassPathBeanDefinitionScanner - Ignored because not a concrete top-level class: file [C:\Users\opentaps\Downloads\taskmgmt\demo\target\classes\com\telusko\demo\masterdata\repository\MasterValueRepository.class]
2026-06-23 17:50:40.044 [N/A] [] [main] DEBUG o.s.c.a.ClassPathBeanDefinitionScanner - Identified candidate component class: file [C:\Users\opentaps\Downloads\taskmgmt\demo\target\classes\com\telusko\demo\masterdata\service\MasterDataService.class]
2026-06-23 17:50:40.049 [N/A] [] [main] DEBUG o.s.c.a.ClassPathBeanDefinitionScanner - Identified candidate component class: file [C:\Users\opentaps\Downloads\taskmgmt\demo\target\classes\com\telusko\demo\notification\controller\NotificationController.class]
2026-06-23 17:50:40.060 [N/A] [] [main] DEBUG o.s.c.a.ClassPathBeanDefinitionScanner - Ignored because not a concrete top-level class: file [C:\Users\opentaps\Downloads\taskmgmt\demo\target\classes\com\telusko\demo\notification\repository\NotificationRepository.class]
2026-06-23 17:50:40.064 [N/A] [] [main] DEBUG o.s.c.a.ClassPathBeanDefinitionScanner - Identified candidate component class: file [C:\Users\opentaps\Downloads\taskmgmt\demo\target\classes\com\telusko\demo\notification\service\NotificationService.class]
2026-06-23 17:50:40.102 [N/A] [] [main] DEBUG o.s.c.a.ClassPathBeanDefinitionScanner - Identified candidate component class: file [C:\Users\opentaps\Downloads\taskmgmt\demo\target\classes\com\telusko\demo\organization\controller\OrganizationController.class]
2026-06-23 17:50:40.166 [N/A] [] [main] DEBUG o.s.c.a.ClassPathBeanDefinitionScanner - Ignored because not a concrete top-level class: file [C:\Users\opentaps\Downloads\taskmgmt\demo\target\classes\com\telusko\demo\organization\repository\OrganizationRepository.class]
2026-06-23 17:50:40.181 [N/A] [] [main] DEBUG o.s.c.a.ClassPathBeanDefinitionScanner - Identified candidate component class: file [C:\Users\opentaps\Downloads\taskmgmt\demo\target\classes\com\telusko\demo\organization\service\OrganizationService.class]
2026-06-23 17:50:40.184 [N/A] [] [main] DEBUG o.s.c.a.ClassPathBeanDefinitionScanner - Identified candidate component class: file [C:\Users\opentaps\Downloads\taskmgmt\demo\target\classes\com\telusko\demo\project\controller\ProjectController.class]
2026-06-23 17:50:40.214 [N/A] [] [main] DEBUG o.s.c.a.ClassPathBeanDefinitionScanner - Ignored because not a concrete top-level class: file [C:\Users\opentaps\Downloads\taskmgmt\demo\target\classes\com\telusko\demo\project\repository\ProjectMemberRepository.class]
2026-06-23 17:50:40.216 [N/A] [] [main] DEBUG o.s.c.a.ClassPathBeanDefinitionScanner - Ignored because not a concrete top-level class: file [C:\Users\opentaps\Downloads\taskmgmt\demo\target\classes\com\telusko\demo\project\repository\ProjectRepository.class]
2026-06-23 17:50:40.218 [N/A] [] [main] DEBUG o.s.c.a.ClassPathBeanDefinitionScanner - Identified candidate component class: file [C:\Users\opentaps\Downloads\taskmgmt\demo\target\classes\com\telusko\demo\project\service\ProjectService.class]
2026-06-23 17:50:40.219 [N/A] [] [main] DEBUG o.s.c.a.ClassPathBeanDefinitionScanner - Identified candidate component class: file [C:\Users\opentaps\Downloads\taskmgmt\demo\target\classes\com\telusko\demo\rbac\controller\PermissionController.class]
2026-06-23 17:50:40.352 [N/A] [] [main] DEBUG o.s.c.a.ClassPathBeanDefinitionScanner - Ignored because not a concrete top-level class: file [C:\Users\opentaps\Downloads\taskmgmt\demo\target\classes\com\telusko\demo\rbac\repository\PermissionActionRepository.class]
2026-06-23 17:50:40.363 [N/A] [] [main] DEBUG o.s.c.a.ClassPathBeanDefinitionScanner - Ignored because not a concrete top-level class: file [C:\Users\opentaps\Downloads\taskmgmt\demo\target\classes\com\telusko\demo\rbac\repository\PermissionFeatureRepository.class]
2026-06-23 17:50:40.363 [N/A] [] [main] DEBUG o.s.c.a.ClassPathBeanDefinitionScanner - Ignored because not a concrete top-level class: file [C:\Users\opentaps\Downloads\taskmgmt\demo\target\classes\com\telusko\demo\rbac\repository\RolePermissionRepository.class]
2026-06-23 17:50:40.367 [N/A] [] [main] DEBUG o.s.c.a.ClassPathBeanDefinitionScanner - Identified candidate component class: file [C:\Users\opentaps\Downloads\taskmgmt\demo\target\classes\com\telusko\demo\rbac\service\PermissionService.class]
2026-06-23 17:50:40.367 [N/A] [] [main] DEBUG o.s.c.a.ClassPathBeanDefinitionScanner - Identified candidate component class: file [C:\Users\opentaps\Downloads\taskmgmt\demo\target\classes\com\telusko\demo\role\controller\RoleController.class]
2026-06-23 17:50:40.433 [N/A] [] [main] DEBUG o.s.c.a.ClassPathBeanDefinitionScanner - Ignored because not a concrete top-level class: file [C:\Users\opentaps\Downloads\taskmgmt\demo\target\classes\com\telusko\demo\role\repository\RoleRepository.class]
2026-06-23 17:50:40.435 [N/A] [] [main] DEBUG o.s.c.a.ClassPathBeanDefinitionScanner - Identified candidate component class: file [C:\Users\opentaps\Downloads\taskmgmt\demo\target\classes\com\telusko\demo\role\service\RoleService.class]
2026-06-23 17:50:40.453 [N/A] [] [main] DEBUG o.s.c.a.ClassPathBeanDefinitionScanner - Identified candidate component class: file [C:\Users\opentaps\Downloads\taskmgmt\demo\target\classes\com\telusko\demo\sprint\controller\SprintController.class]
2026-06-23 17:50:40.555 [N/A] [] [main] DEBUG o.s.c.a.ClassPathBeanDefinitionScanner - Ignored because not a concrete top-level class: file [C:\Users\opentaps\Downloads\taskmgmt\demo\target\classes\com\telusko\demo\sprint\repository\SprintRepository.class]
2026-06-23 17:50:40.556 [N/A] [] [main] DEBUG o.s.c.a.ClassPathBeanDefinitionScanner - Ignored because not a concrete top-level class: file [C:\Users\opentaps\Downloads\taskmgmt\demo\target\classes\com\telusko\demo\sprint\repository\SprintWorkItemRepository.class]
2026-06-23 17:50:40.562 [N/A] [] [main] DEBUG o.s.c.a.ClassPathBeanDefinitionScanner - Identified candidate component class: file [C:\Users\opentaps\Downloads\taskmgmt\demo\target\classes\com\telusko\demo\sprint\service\SprintExpiryNotifier.class]
2026-06-23 17:50:40.563 [N/A] [] [main] DEBUG o.s.c.a.ClassPathBeanDefinitionScanner - Identified candidate component class: file [C:\Users\opentaps\Downloads\taskmgmt\demo\target\classes\com\telusko\demo\sprint\service\SprintScheduler.class]
2026-06-23 17:50:40.567 [N/A] [] [main] DEBUG o.s.c.a.ClassPathBeanDefinitionScanner - Identified candidate component class: file [C:\Users\opentaps\Downloads\taskmgmt\demo\target\classes\com\telusko\demo\sprint\service\SprintService.class]
2026-06-23 17:50:40.570 [N/A] [] [main] DEBUG o.s.c.a.ClassPathBeanDefinitionScanner - Identified candidate component class: file [C:\Users\opentaps\Downloads\taskmgmt\demo\target\classes\com\telusko\demo\timesheet\controller\TimesheetController.class]
2026-06-23 17:50:40.634 [N/A] [] [main] DEBUG o.s.c.a.ClassPathBeanDefinitionScanner - Ignored because not a concrete top-level class: file [C:\Users\opentaps\Downloads\taskmgmt\demo\target\classes\com\telusko\demo\timesheet\repository\TimesheetEntryRepository.class]
2026-06-23 17:50:40.636 [N/A] [] [main] DEBUG o.s.c.a.ClassPathBeanDefinitionScanner - Ignored because not a concrete top-level class: file [C:\Users\opentaps\Downloads\taskmgmt\demo\target\classes\com\telusko\demo\timesheet\repository\TimesheetRepository.class]
2026-06-23 17:50:40.639 [N/A] [] [main] DEBUG o.s.c.a.ClassPathBeanDefinitionScanner - Identified candidate component class: file [C:\Users\opentaps\Downloads\taskmgmt\demo\target\classes\com\telusko\demo\timesheet\service\TimesheetService.class]
2026-06-23 17:50:40.645 [N/A] [] [main] DEBUG o.s.c.a.ClassPathBeanDefinitionScanner - Identified candidate component class: file [C:\Users\opentaps\Downloads\taskmgmt\demo\target\classes\com\telusko\demo\user\controller\UserController.class]
2026-06-23 17:50:40.745 [N/A] [] [main] DEBUG o.s.c.a.ClassPathBeanDefinitionScanner - Ignored because not a concrete top-level class: file [C:\Users\opentaps\Downloads\taskmgmt\demo\target\classes\com\telusko\demo\user\repository\UserAuthRepository.class]
2026-06-23 17:50:40.750 [N/A] [] [main] DEBUG o.s.c.a.ClassPathBeanDefinitionScanner - Ignored because not a concrete top-level class: file [C:\Users\opentaps\Downloads\taskmgmt\demo\target\classes\com\telusko\demo\user\repository\UserRepository.class]
2026-06-23 17:50:40.767 [N/A] [] [main] DEBUG o.s.c.a.ClassPathBeanDefinitionScanner - Identified candidate component class: file [C:\Users\opentaps\Downloads\taskmgmt\demo\target\classes\com\telusko\demo\user\service\UserService.class]
2026-06-23 17:50:40.771 [N/A] [] [main] DEBUG o.s.c.a.ClassPathBeanDefinitionScanner - Identified candidate component class: file [C:\Users\opentaps\Downloads\taskmgmt\demo\target\classes\com\telusko\demo\workitem\controller\WorkItemController.class]
2026-06-23 17:50:40.787 [N/A] [] [main] DEBUG o.s.c.a.ClassPathBeanDefinitionScanner - Ignored because not a concrete top-level class: file [C:\Users\opentaps\Downloads\taskmgmt\demo\target\classes\com\telusko\demo\workitem\repository\WorkItemCommentRepository.class]
2026-06-23 17:50:40.789 [N/A] [] [main] DEBUG o.s.c.a.ClassPathBeanDefinitionScanner - Ignored because not a concrete top-level class: file [C:\Users\opentaps\Downloads\taskmgmt\demo\target\classes\com\telusko\demo\workitem\repository\WorkItemHistoryRepository.class]
2026-06-23 17:50:40.792 [N/A] [] [main] DEBUG o.s.c.a.ClassPathBeanDefinitionScanner - Ignored because not a concrete top-level class: file [C:\Users\opentaps\Downloads\taskmgmt\demo\target\classes\com\telusko\demo\workitem\repository\WorkItemRepository.class]
2026-06-23 17:50:40.794 [N/A] [] [main] DEBUG o.s.c.a.ClassPathBeanDefinitionScanner - Identified candidate component class: file [C:\Users\opentaps\Downloads\taskmgmt\demo\target\classes\com\telusko\demo\workitem\service\WorkItemService.class]
2026-06-23 17:50:42.698 [N/A] [] [main] INFO  o.s.d.r.c.RepositoryConfigurationDelegate - Bootstrapping Spring Data JPA repositories in DEFAULT mode.
2026-06-23 17:50:42.715 [N/A] [] [main] DEBUG o.s.b.f.s.DefaultListableBeanFactory - Creating shared instance of singleton bean 'org.springframework.boot.autoconfigure.AutoConfigurationPackages'
2026-06-23 17:50:42.737 [N/A] [] [main] DEBUG o.s.b.a.AutoConfigurationPackages - @EnableAutoConfiguration was declared on a class in the package 'com.telusko.demo'. Automatic @Repository and @Entity scanning is enabled.
2026-06-23 17:50:42.739 [N/A] [] [main] DEBUG o.s.d.r.c.RepositoryConfigurationDelegate - Scanning for JPA repositories in packages com.telusko.demo.
2026-06-23 17:50:42.818 [N/A] [] [main] DEBUG o.s.d.r.c.RepositoryComponentProvider - Identified candidate component class: file [C:\Users\opentaps\Downloads\taskmgmt\demo\target\classes\com\telusko\demo\audit\repository\AuditLogRepository.class]
2026-06-23 17:50:42.828 [N/A] [] [main] DEBUG o.s.d.r.c.RepositoryComponentProvider - Identified candidate component class: file [C:\Users\opentaps\Downloads\taskmgmt\demo\target\classes\com\telusko\demo\feature\repository\FeatureRepository.class]
2026-06-23 17:50:42.828 [N/A] [] [main] DEBUG o.s.d.r.c.RepositoryComponentProvider - Identified candidate component class: file [C:\Users\opentaps\Downloads\taskmgmt\demo\target\classes\com\telusko\demo\holiday\repository\HolidayRepository.class]
2026-06-23 17:50:42.828 [N/A] [] [main] DEBUG o.s.d.r.c.RepositoryComponentProvider - Identified candidate component class: file [C:\Users\opentaps\Downloads\taskmgmt\demo\target\classes\com\telusko\demo\leave\repository\LeaveApprovalHistoryRepository.class]
2026-06-23 17:50:42.832 [N/A] [] [main] DEBUG o.s.d.r.c.RepositoryComponentProvider - Identified candidate component class: file [C:\Users\opentaps\Downloads\taskmgmt\demo\target\classes\com\telusko\demo\leave\repository\LeaveBalanceRepository.class]
2026-06-23 17:50:42.832 [N/A] [] [main] DEBUG o.s.d.r.c.RepositoryComponentProvider - Identified candidate component class: file [C:\Users\opentaps\Downloads\taskmgmt\demo\target\classes\com\telusko\demo\leave\repository\LeaveRequestRepository.class]
2026-06-23 17:50:42.832 [N/A] [] [main] DEBUG o.s.d.r.c.RepositoryComponentProvider - Identified candidate component class: file [C:\Users\opentaps\Downloads\taskmgmt\demo\target\classes\com\telusko\demo\masterdata\repository\MasterTypeRepository.class]
2026-06-23 17:50:42.832 [N/A] [] [main] DEBUG o.s.d.r.c.RepositoryComponentProvider - Identified candidate component class: file [C:\Users\opentaps\Downloads\taskmgmt\demo\target\classes\com\telusko\demo\masterdata\repository\MasterValueRepository.class]
2026-06-23 17:50:42.832 [N/A] [] [main] DEBUG o.s.d.r.c.RepositoryComponentProvider - Identified candidate component class: file [C:\Users\opentaps\Downloads\taskmgmt\demo\target\classes\com\telusko\demo\notification\repository\NotificationRepository.class]
2026-06-23 17:50:42.832 [N/A] [] [main] DEBUG o.s.d.r.c.RepositoryComponentProvider - Identified candidate component class: file [C:\Users\opentaps\Downloads\taskmgmt\demo\target\classes\com\telusko\demo\organization\repository\OrganizationRepository.class]
2026-06-23 17:50:42.832 [N/A] [] [main] DEBUG o.s.d.r.c.RepositoryComponentProvider - Identified candidate component class: file [C:\Users\opentaps\Downloads\taskmgmt\demo\target\classes\com\telusko\demo\project\repository\ProjectMemberRepository.class]
2026-06-23 17:50:42.832 [N/A] [] [main] DEBUG o.s.d.r.c.RepositoryComponentProvider - Identified candidate component class: file [C:\Users\opentaps\Downloads\taskmgmt\demo\target\classes\com\telusko\demo\project\repository\ProjectRepository.class]
2026-06-23 17:50:42.832 [N/A] [] [main] DEBUG o.s.d.r.c.RepositoryComponentProvider - Identified candidate component class: file [C:\Users\opentaps\Downloads\taskmgmt\demo\target\classes\com\telusko\demo\rbac\repository\PermissionActionRepository.class]
2026-06-23 17:50:42.832 [N/A] [] [main] DEBUG o.s.d.r.c.RepositoryComponentProvider - Identified candidate component class: file [C:\Users\opentaps\Downloads\taskmgmt\demo\target\classes\com\telusko\demo\rbac\repository\PermissionFeatureRepository.class]
2026-06-23 17:50:42.832 [N/A] [] [main] DEBUG o.s.d.r.c.RepositoryComponentProvider - Identified candidate component class: file [C:\Users\opentaps\Downloads\taskmgmt\demo\target\classes\com\telusko\demo\rbac\repository\RolePermissionRepository.class]
2026-06-23 17:50:42.832 [N/A] [] [main] DEBUG o.s.d.r.c.RepositoryComponentProvider - Identified candidate component class: file [C:\Users\opentaps\Downloads\taskmgmt\demo\target\classes\com\telusko\demo\role\repository\RoleRepository.class]
2026-06-23 17:50:42.832 [N/A] [] [main] DEBUG o.s.d.r.c.RepositoryComponentProvider - Identified candidate component class: file [C:\Users\opentaps\Downloads\taskmgmt\demo\target\classes\com\telusko\demo\sprint\repository\SprintRepository.class]
2026-06-23 17:50:42.832 [N/A] [] [main] DEBUG o.s.d.r.c.RepositoryComponentProvider - Identified candidate component class: file [C:\Users\opentaps\Downloads\taskmgmt\demo\target\classes\com\telusko\demo\sprint\repository\SprintWorkItemRepository.class]
2026-06-23 17:50:42.840 [N/A] [] [main] DEBUG o.s.d.r.c.RepositoryComponentProvider - Identified candidate component class: file [C:\Users\opentaps\Downloads\taskmgmt\demo\target\classes\com\telusko\demo\timesheet\repository\TimesheetEntryRepository.class]
2026-06-23 17:50:42.840 [N/A] [] [main] DEBUG o.s.d.r.c.RepositoryComponentProvider - Identified candidate component class: file [C:\Users\opentaps\Downloads\taskmgmt\demo\target\classes\com\telusko\demo\timesheet\repository\TimesheetRepository.class]
2026-06-23 17:50:42.840 [N/A] [] [main] DEBUG o.s.d.r.c.RepositoryComponentProvider - Identified candidate component class: file [C:\Users\opentaps\Downloads\taskmgmt\demo\target\classes\com\telusko\demo\user\repository\UserAuthRepository.class]
2026-06-23 17:50:42.841 [N/A] [] [main] DEBUG o.s.d.r.c.RepositoryComponentProvider - Identified candidate component class: file [C:\Users\opentaps\Downloads\taskmgmt\demo\target\classes\com\telusko\demo\user\repository\UserRepository.class]
2026-06-23 17:50:42.841 [N/A] [] [main] DEBUG o.s.d.r.c.RepositoryComponentProvider - Identified candidate component class: file [C:\Users\opentaps\Downloads\taskmgmt\demo\target\classes\com\telusko\demo\workitem\repository\WorkItemCommentRepository.class]
2026-06-23 17:50:42.842 [N/A] [] [main] DEBUG o.s.d.r.c.RepositoryComponentProvider - Identified candidate component class: file [C:\Users\opentaps\Downloads\taskmgmt\demo\target\classes\com\telusko\demo\workitem\repository\WorkItemHistoryRepository.class]
2026-06-23 17:50:42.842 [N/A] [] [main] DEBUG o.s.d.r.c.RepositoryComponentProvider - Identified candidate component class: file [C:\Users\opentaps\Downloads\taskmgmt\demo\target\classes\com\telusko\demo\workitem\repository\WorkItemRepository.class]
2026-06-23 17:50:43.208 [N/A] [] [main] INFO  o.s.d.r.c.RepositoryConfigurationDelegate - Finished Spring Data repository scanning in 468 ms. Found 25 JPA repository interfaces.
2026-06-23 17:50:43.489 [N/A] [] [main] DEBUG o.s.b.f.s.DefaultListableBeanFactory - Creating shared instance of singleton bean 'springSecurityHandlerMappingIntrospectorBeanDefinitionRegistryPostProcessor'
2026-06-23 17:50:43.693 [N/A] [] [main] DEBUG o.s.b.f.s.DefaultListableBeanFactory - Creating shared instance of singleton bean 'propertySourcesPlaceholderConfigurer'
2026-06-23 17:50:43.705 [N/A] [] [main] DEBUG o.s.b.f.s.DefaultListableBeanFactory - Creating shared instance of singleton bean 'org.springframework.boot.test.mock.mockito.MockitoPostProcessor'
2026-06-23 17:50:43.708 [N/A] [] [main] DEBUG o.s.b.f.s.DefaultListableBeanFactory - Creating shared instance of singleton bean 'emBeanDefinitionRegistrarPostProcessor'
2026-06-23 17:50:43.708 [N/A] [] [main] DEBUG o.s.b.f.s.DefaultListableBeanFactory - Creating shared instance of singleton bean 'org.springframework.boot.sql.init.dependency.DatabaseInitializationDependencyConfigurer$DependsOnDatabaseInitializationPostProcessor'
2026-06-23 17:50:43.847 [N/A] [] [main] DEBUG o.s.b.f.s.DefaultListableBeanFactory - Creating shared instance of singleton bean 'org.springframework.context.event.internalEventListenerProcessor'
2026-06-23 17:50:43.847 [N/A] [] [main] DEBUG o.s.b.f.s.DefaultListableBeanFactory - Creating shared instance of singleton bean 'conversionServicePostProcessor'
2026-06-23 17:50:43.883 [N/A] [] [main] DEBUG o.s.b.f.s.DefaultListableBeanFactory - Creating shared instance of singleton bean 'preserveErrorControllerTargetClassPostProcessor'
2026-06-23 17:50:43.885 [N/A] [] [main] DEBUG o.s.b.f.s.DefaultListableBeanFactory - Creating shared instance of singleton bean 'org.springframework.context.event.internalEventListenerFactory'
2026-06-23 17:50:43.885 [N/A] [] [main] DEBUG o.s.b.f.s.DefaultListableBeanFactory - Creating shared instance of singleton bean 'org.springframework.transaction.config.internalTransactionalEventListenerFactory'
2026-06-23 17:50:43.898 [N/A] [] [main] DEBUG o.s.b.f.s.DefaultListableBeanFactory - Creating shared instance of singleton bean 'org.springframework.boot.test.mock.mockito.MockitoPostProcessor$SpyPostProcessor'
2026-06-23 17:50:43.902 [N/A] [] [main] DEBUG o.s.b.f.s.DefaultListableBeanFactory - Creating shared instance of singleton bean 'org.springframework.context.annotation.internalAutowiredAnnotationProcessor'
2026-06-23 17:50:43.906 [N/A] [] [main] DEBUG o.s.b.f.s.DefaultListableBeanFactory - Creating shared instance of singleton bean 'org.springframework.context.annotation.internalCommonAnnotationProcessor'
2026-06-23 17:50:43.914 [N/A] [] [main] DEBUG o.s.b.f.s.DefaultListableBeanFactory - Creating shared instance of singleton bean 'org.springframework.context.annotation.internalPersistenceAnnotationProcessor'
2026-06-23 17:50:43.914 [N/A] [] [main] DEBUG o.s.b.f.s.DefaultListableBeanFactory - Creating shared instance of singleton bean 'org.springframework.boot.context.properties.ConfigurationPropertiesBindingPostProcessor'
2026-06-23 17:50:43.914 [N/A] [] [main] DEBUG o.s.b.f.s.DefaultListableBeanFactory - Creating shared instance of singleton bean 'org.springframework.boot.context.internalConfigurationPropertiesBinder'
2026-06-23 17:50:43.914 [N/A] [] [main] DEBUG o.s.b.f.s.DefaultListableBeanFactory - Creating shared instance of singleton bean 'jdbcConnectionDetailsHikariBeanPostProcessor'
2026-06-23 17:50:43.935 [N/A] [] [main] DEBUG o.s.b.f.s.DefaultListableBeanFactory - Creating shared instance of singleton bean 'org.springframework.aop.config.internalAutoProxyCreator'
2026-06-23 17:50:43.988 [N/A] [] [main] DEBUG o.s.b.f.s.DefaultListableBeanFactory - Creating shared instance of singleton bean 'org.springframework.context.annotation.internalAsyncAnnotationProcessor'
2026-06-23 17:50:43.988 [N/A] [] [main] DEBUG o.s.b.f.s.DefaultListableBeanFactory - Creating shared instance of singleton bean 'org.springframework.scheduling.annotation.ProxyAsyncConfiguration'
2026-06-23 17:50:44.043 [N/A] [] [main] DEBUG o.s.b.f.s.DefaultListableBeanFactory - Creating shared instance of singleton bean 'org.springframework.context.annotation.internalScheduledAnnotationProcessor'
2026-06-23 17:50:44.044 [N/A] [] [main] DEBUG o.s.b.f.s.DefaultListableBeanFactory - Creating shared instance of singleton bean 'org.springframework.scheduling.annotation.SchedulingConfiguration'
2026-06-23 17:50:44.055 [N/A] [] [main] DEBUG o.s.b.f.s.DefaultListableBeanFactory - Creating shared instance of singleton bean 'methodValidationPostProcessor'
2026-06-23 17:50:44.139 [N/A] [] [main] DEBUG o.s.b.f.s.DefaultListableBeanFactory - Autowiring by type from bean name 'methodValidationPostProcessor' via factory method to bean named 'environment'
2026-06-23 17:50:44.141 [N/A] [] [main] DEBUG o.s.b.f.s.DefaultListableBeanFactory - Creating shared instance of singleton bean 'org.springframework.boot.context.properties.EnableConfigurationPropertiesRegistrar.methodValidationExcludeFilter'
2026-06-23 17:50:44.201 [N/A] [] [main] DEBUG o.s.b.f.s.DefaultListableBeanFactory - Creating shared instance of singleton bean 'persistenceExceptionTranslationPostProcessor'
2026-06-23 17:50:44.201 [N/A] [] [main] DEBUG o.s.b.f.s.DefaultListableBeanFactory - Autowiring by type from bean name 'persistenceExceptionTranslationPostProcessor' via factory method to bean named 'environment'
2026-06-23 17:50:44.216 [N/A] [] [main] DEBUG o.s.b.f.s.DefaultListableBeanFactory - Creating shared instance of singleton bean 'webServerFactoryCustomizerBeanPostProcessor'
2026-06-23 17:50:44.216 [N/A] [] [main] DEBUG o.s.b.f.s.DefaultListableBeanFactory - Creating shared instance of singleton bean 'errorPageRegistrarBeanPostProcessor'
2026-06-23 17:50:44.216 [N/A] [] [main] DEBUG o.s.b.f.s.DefaultListableBeanFactory - Creating shared instance of singleton bean 'projectingArgumentResolverBeanPostProcessor'
2026-06-23 17:50:44.225 [N/A] [] [main] DEBUG o.s.b.f.s.DefaultListableBeanFactory - Creating shared instance of singleton bean 'preFilterAuthorizationAdvisor'
2026-06-23 17:50:44.225 [N/A] [] [main] DEBUG o.s.b.f.s.DefaultListableBeanFactory - Creating shared instance of singleton bean 'preFilterAuthorizationMethodInterceptor'
2026-06-23 17:50:44.309 [N/A] [] [main] DEBUG o.s.b.f.s.DefaultListableBeanFactory - Creating shared instance of singleton bean 'preAuthorizeAuthorizationAdvisor'
2026-06-23 17:50:44.309 [N/A] [] [main] DEBUG o.s.b.f.s.DefaultListableBeanFactory - Creating shared instance of singleton bean 'preAuthorizeAuthorizationMethodInterceptor'
2026-06-23 17:50:44.323 [N/A] [] [main] DEBUG o.s.b.f.s.DefaultListableBeanFactory - Creating shared instance of singleton bean 'postFilterAuthorizationAdvisor'
2026-06-23 17:50:44.323 [N/A] [] [main] DEBUG o.s.b.f.s.DefaultListableBeanFactory - Creating shared instance of singleton bean 'postFilterAuthorizationMethodInterceptor'
2026-06-23 17:50:44.328 [N/A] [] [main] DEBUG o.s.b.f.s.DefaultListableBeanFactory - Creating shared instance of singleton bean 'postAuthorizeAuthorizationAdvisor'
2026-06-23 17:50:44.375 [N/A] [] [main] DEBUG o.s.b.f.s.DefaultListableBeanFactory - Creating shared instance of singleton bean 'postAuthorizeAuthorizationMethodInterceptor'
2026-06-23 17:50:44.375 [N/A] [] [main] DEBUG o.s.b.f.s.DefaultListableBeanFactory - Creating shared instance of singleton bean 'authorizeReturnObjectAdvisor'
2026-06-23 17:50:44.375 [N/A] [] [main] DEBUG o.s.b.f.s.DefaultListableBeanFactory - Creating shared instance of singleton bean 'authorizeReturnObjectMethodInterceptor'
2026-06-23 17:50:44.375 [N/A] [] [main] DEBUG o.s.b.f.s.DefaultListableBeanFactory - Creating shared instance of singleton bean 'authorizationProxyFactory'
2026-06-23 17:50:44.375 [N/A] [] [main] DEBUG o.s.b.f.s.DefaultListableBeanFactory - Creating shared instance of singleton bean 'org.springframework.transaction.config.internalTransactionAdvisor'
2026-06-23 17:50:44.390 [N/A] [] [main] DEBUG o.s.b.f.s.DefaultListableBeanFactory - Creating shared instance of singleton bean 'org.springframework.transaction.annotation.ProxyTransactionManagementConfiguration'
2026-06-23 17:50:44.491 [N/A] [] [main] DEBUG o.s.b.f.s.DefaultListableBeanFactory - Creating shared instance of singleton bean 'transactionAttributeSource'
2026-06-23 17:50:44.507 [N/A] [] [main] DEBUG o.s.b.f.s.DefaultListableBeanFactory - Creating shared instance of singleton bean 'transactionInterceptor'
2026-06-23 17:50:44.507 [N/A] [] [main] DEBUG o.s.b.f.s.DefaultListableBeanFactory - Autowiring by type from bean name 'transactionInterceptor' via factory method to bean named 'transactionAttributeSource'
2026-06-23 17:50:44.507 [N/A] [] [main] DEBUG o.s.b.f.s.DefaultListableBeanFactory - Autowiring by type from bean name 'org.springframework.transaction.config.internalTransactionAdvisor' via factory method to bean named 'transactionAttributeSource'
2026-06-23 17:50:44.523 [N/A] [] [main] DEBUG o.s.b.f.s.DefaultListableBeanFactory - Autowiring by type from bean name 'org.springframework.transaction.config.internalTransactionAdvisor' via factory method to bean named 'transactionInterceptor'
2026-06-23 17:50:44.554 [N/A] [] [main] DEBUG o.s.b.f.s.DefaultListableBeanFactory - Autowiring by type from bean name 'authorizeReturnObjectMethodInterceptor' via factory method to bean named 'authorizationProxyFactory'
2026-06-23 17:50:44.686 [N/A] [] [main] DEBUG o.s.u.c.s.UiApplicationContextUtils - Unable to locate ThemeSource with name 'themeSource': using default [org.springframework.ui.context.support.ResourceBundleThemeSource@640d604]
2026-06-23 17:50:44.702 [N/A] [] [main] DEBUG o.s.b.f.s.DefaultListableBeanFactory - Creating shared instance of singleton bean 'dataSourceScriptDatabaseInitializer'
2026-06-23 17:50:44.702 [N/A] [] [main] DEBUG o.s.b.f.s.DefaultListableBeanFactory - Creating shared instance of singleton bean 'org.springframework.boot.autoconfigure.sql.init.DataSourceInitializationConfiguration'
2026-06-23 17:50:44.717 [N/A] [] [main] DEBUG o.s.b.f.s.DefaultListableBeanFactory - Creating shared instance of singleton bean 'dataSource'
2026-06-23 17:50:44.717 [N/A] [] [main] DEBUG o.s.b.f.s.DefaultListableBeanFactory - Creating shared instance of singleton bean 'org.springframework.boot.autoconfigure.jdbc.DataSourceConfiguration$Hikari'
2026-06-23 17:50:44.717 [N/A] [] [main] DEBUG o.s.b.f.s.DefaultListableBeanFactory - Creating shared instance of singleton bean 'spring.datasource-org.springframework.boot.autoconfigure.jdbc.DataSourceProperties'
2026-06-23 17:50:44.717 [N/A] [] [main] DEBUG o.s.b.f.s.DefaultListableBeanFactory - Creating shared instance of singleton bean 'org.springframework.boot.context.properties.BoundConfigurationProperties'
2026-06-23 17:50:44.824 [N/A] [] [main] DEBUG o.s.b.f.s.DefaultListableBeanFactory - Creating shared instance of singleton bean 'jdbcConnectionDetails'
2026-06-23 17:50:44.824 [N/A] [] [main] DEBUG o.s.b.f.s.DefaultListableBeanFactory - Creating shared instance of singleton bean 'org.springframework.boot.autoconfigure.jdbc.DataSourceAutoConfiguration$PooledDataSourceConfiguration'
2026-06-23 17:50:44.824 [N/A] [] [main] DEBUG o.s.b.f.s.DefaultListableBeanFactory - Autowiring by type from bean name 'jdbcConnectionDetails' via factory method to bean named 'spring.datasource-org.springframework.boot.autoconfigure.jdbc.DataSourceProperties'
2026-06-23 17:50:44.840 [N/A] [] [main] DEBUG o.s.b.f.s.DefaultListableBeanFactory - Autowiring by type from bean name 'dataSource' via factory method to bean named 'spring.datasource-org.springframework.boot.autoconfigure.jdbc.DataSourceProperties'
2026-06-23 17:50:44.840 [N/A] [] [main] DEBUG o.s.b.f.s.DefaultListableBeanFactory - Autowiring by type from bean name 'dataSource' via factory method to bean named 'jdbcConnectionDetails'
2026-06-23 17:50:44.945 [N/A] [] [main] DEBUG o.s.b.f.s.DefaultListableBeanFactory - Creating shared instance of singleton bean 'spring.sql.init-org.springframework.boot.autoconfigure.sql.init.SqlInitializationProperties'
2026-06-23 17:50:44.947 [N/A] [] [main] DEBUG o.s.b.f.s.DefaultListableBeanFactory - Autowiring by type from bean name 'dataSourceScriptDatabaseInitializer' via factory method to bean named 'dataSource'
2026-06-23 17:50:44.947 [N/A] [] [main] DEBUG o.s.b.f.s.DefaultListableBeanFactory - Autowiring by type from bean name 'dataSourceScriptDatabaseInitializer' via factory method to bean named 'spring.sql.init-org.springframework.boot.autoconfigure.sql.init.SqlInitializationProperties'
2026-06-23 17:50:44.963 [N/A] [] [main] DEBUG o.s.b.f.s.DefaultListableBeanFactory - Creating shared instance of singleton bean 'entityManagerFactory'
2026-06-23 17:50:44.963 [N/A] [] [main] DEBUG o.s.b.f.s.DefaultListableBeanFactory - Creating shared instance of singleton bean 'org.springframework.boot.autoconfigure.orm.jpa.HibernateJpaConfiguration'
2026-06-23 17:50:44.963 [N/A] [] [main] DEBUG o.s.b.f.s.DefaultListableBeanFactory - Creating shared instance of singleton bean 'spring.jpa-org.springframework.boot.autoconfigure.orm.jpa.JpaProperties'
2026-06-23 17:50:44.975 [N/A] [] [main] DEBUG o.s.b.f.s.DefaultListableBeanFactory - Creating shared instance of singleton bean 'spring.jpa.hibernate-org.springframework.boot.autoconfigure.orm.jpa.HibernateProperties'
2026-06-23 17:50:44.975 [N/A] [] [main] DEBUG o.s.b.f.s.DefaultListableBeanFactory - Autowiring by type from bean name 'org.springframework.boot.autoconfigure.orm.jpa.HibernateJpaConfiguration' via constructor to bean named 'dataSource'
2026-06-23 17:50:44.975 [N/A] [] [main] DEBUG o.s.b.f.s.DefaultListableBeanFactory - Autowiring by type from bean name 'org.springframework.boot.autoconfigure.orm.jpa.HibernateJpaConfiguration' via constructor to bean named 'spring.jpa-org.springframework.boot.autoconfigure.orm.jpa.JpaProperties'
2026-06-23 17:50:44.975 [N/A] [] [main] DEBUG o.s.b.f.s.DefaultListableBeanFactory - Autowiring by type from bean name 'org.springframework.boot.autoconfigure.orm.jpa.HibernateJpaConfiguration' via constructor to bean named 'org.springframework.beans.factory.support.DefaultListableBeanFactory@25c53f74'
2026-06-23 17:50:44.975 [N/A] [] [main] DEBUG o.s.b.f.s.DefaultListableBeanFactory - Autowiring by type from bean name 'org.springframework.boot.autoconfigure.orm.jpa.HibernateJpaConfiguration' via constructor to bean named 'spring.jpa.hibernate-org.springframework.boot.autoconfigure.orm.jpa.HibernateProperties'
2026-06-23 17:50:44.975 [N/A] [] [main] DEBUG o.s.b.f.s.DefaultListableBeanFactory - Creating shared instance of singleton bean 'hikariPoolDataSourceMetadataProvider'
2026-06-23 17:50:44.975 [N/A] [] [main] DEBUG o.s.b.f.s.DefaultListableBeanFactory - Creating shared instance of singleton bean 'org.springframework.boot.autoconfigure.jdbc.metadata.DataSourcePoolMetadataProvidersConfiguration$HikariPoolDataSourceMetadataProviderConfiguration'
2026-06-23 17:50:45.008 [N/A] [] [main] DEBUG o.s.b.f.s.DefaultListableBeanFactory - Creating shared instance of singleton bean 'entityManagerFactoryBuilder'
2026-06-23 17:50:45.011 [N/A] [] [main] DEBUG o.s.b.f.s.DefaultListableBeanFactory - Creating shared instance of singleton bean 'jpaVendorAdapter'
2026-06-23 17:50:45.041 [N/A] [] [main] DEBUG o.s.b.f.s.DefaultListableBeanFactory - Autowiring by type from bean name 'entityManagerFactoryBuilder' via factory method to bean named 'jpaVendorAdapter'
2026-06-23 17:50:45.041 [N/A] [] [main] DEBUG o.s.b.f.s.DefaultListableBeanFactory - Creating shared instance of singleton bean 'persistenceManagedTypes'
2026-06-23 17:50:45.056 [N/A] [] [main] DEBUG o.s.b.f.s.DefaultListableBeanFactory - Autowiring by type from bean name 'persistenceManagedTypes' via factory method to bean named 'org.springframework.beans.factory.support.DefaultListableBeanFactory@25c53f74'
2026-06-23 17:50:45.056 [N/A] [] [main] DEBUG o.s.b.f.s.DefaultListableBeanFactory - Autowiring by type from bean name 'persistenceManagedTypes' via factory method to bean named 'org.springframework.web.context.support.GenericWebApplicationContext@1f443fae'
2026-06-23 17:50:45.087 [N/A] [] [main] DEBUG o.s.b.f.s.DefaultListableBeanFactory - Autowiring by type from bean name 'entityManagerFactory' via factory method to bean named 'entityManagerFactoryBuilder'
2026-06-23 17:50:45.087 [N/A] [] [main] DEBUG o.s.b.f.s.DefaultListableBeanFactory - Autowiring by type from bean name 'entityManagerFactory' via factory method to bean named 'persistenceManagedTypes'
2026-06-23 17:50:45.128 [N/A] [] [main] DEBUG o.s.o.j.LocalContainerEntityManagerFactoryBean - Building JPA container EntityManagerFactory for persistence unit 'default'
2026-06-23 17:50:45.171 [N/A] [] [main] INFO  o.h.jpa.internal.util.LogHelper - HHH000204: Processing PersistenceUnitInfo [name: default]
2026-06-23 17:50:45.368 [N/A] [] [main] INFO  org.hibernate.Version - HHH000412: Hibernate ORM core version 6.5.2.Final
2026-06-23 17:50:45.454 [N/A] [] [main] INFO  o.h.c.i.RegionFactoryInitiator - HHH000026: Second-level cache disabled
2026-06-23 17:50:46.259 [N/A] [] [main] INFO  o.s.o.j.p.SpringPersistenceUnitInfo - No LoadTimeWeaver setup: ignoring JPA class transformer
2026-06-23 17:50:46.307 [N/A] [] [main] INFO  com.zaxxer.hikari.HikariDataSource - HikariPool-1 - Starting...
2026-06-23 17:50:46.770 [N/A] [] [main] INFO  com.zaxxer.hikari.pool.HikariPool - HikariPool-1 - Added connection org.postgresql.jdbc.PgConnection@55c46ec1
2026-06-23 17:50:46.786 [N/A] [] [main] INFO  com.zaxxer.hikari.HikariDataSource - HikariPool-1 - Start completed.
2026-06-23 17:50:46.847 [N/A] [] [main] WARN  org.hibernate.orm.deprecation - HHH90000025: PostgreSQLDialect does not need to be specified explicitly using 'hibernate.dialect' (remove the property setting and it will be selected by default)
2026-06-23 17:50:49.652 [N/A] [] [main] INFO  o.h.e.t.j.p.i.JtaPlatformInitiator - HHH000489: No JTA platform available (set 'hibernate.transaction.jta.platform' to enable JTA platform integration)
2026-06-23 17:50:49.760 [N/A] [] [main] DEBUG org.hibernate.SQL - 
    alter table if exists audit_log 
       alter column new_value set data type TEXT
2026-06-23 17:50:49.762 [N/A] [] [main] DEBUG org.hibernate.SQL - 
    alter table if exists audit_log 
       alter column old_value set data type TEXT
2026-06-23 17:50:49.764 [N/A] [] [main] DEBUG org.hibernate.SQL - 
    alter table if exists holidays 
       alter column description set data type TEXT
2026-06-23 17:50:49.766 [N/A] [] [main] DEBUG org.hibernate.SQL - 
    alter table if exists leave_approval_history 
       alter column comment set data type TEXT
2026-06-23 17:50:49.768 [N/A] [] [main] DEBUG org.hibernate.SQL - 
    alter table if exists leave_request 
       alter column reason set data type TEXT
2026-06-23 17:50:49.769 [N/A] [] [main] DEBUG org.hibernate.SQL - 
    alter table if exists notification 
       alter column message set data type TEXT
2026-06-23 17:50:49.771 [N/A] [] [main] DEBUG org.hibernate.SQL - 
    alter table if exists project 
       alter column description set data type TEXT
2026-06-23 17:50:49.773 [N/A] [] [main] DEBUG org.hibernate.SQL - 
    alter table if exists sprint 
       alter column goal set data type TEXT
2026-06-23 17:50:49.773 [N/A] [] [main] DEBUG org.hibernate.SQL - 
    alter table if exists timesheet_entry 
       alter column description set data type TEXT
2026-06-23 17:50:49.773 [N/A] [] [main] DEBUG org.hibernate.SQL - 
    alter table if exists work_item 
       alter column description set data type TEXT
2026-06-23 17:50:49.773 [N/A] [] [main] DEBUG org.hibernate.SQL - 
    alter table if exists work_item_comment 
       alter column comment_text set data type TEXT
2026-06-23 17:50:49.773 [N/A] [] [main] DEBUG org.hibernate.SQL - 
    alter table if exists work_item_history 
       alter column comment set data type TEXT
2026-06-23 17:50:50.420 [N/A] [] [main] INFO  o.s.o.j.LocalContainerEntityManagerFactoryBean - Initialized JPA EntityManagerFactory for persistence unit 'default'
2026-06-23 17:50:50.420 [N/A] [] [main] DEBUG o.s.b.f.s.DefaultListableBeanFactory - Creating shared instance of singleton bean 'taskmgmtApplication'
2026-06-23 17:50:50.436 [N/A] [] [main] DEBUG o.s.b.f.s.DefaultListableBeanFactory - Creating shared instance of singleton bean 'auditService'
2026-06-23 17:50:50.441 [N/A] [] [main] DEBUG o.s.b.f.s.DefaultListableBeanFactory - Creating shared instance of singleton bean 'auditLogRepository'
2026-06-23 17:50:50.457 [N/A] [] [main] DEBUG o.s.b.f.s.DefaultListableBeanFactory - Creating shared instance of singleton bean 'jpa.named-queries#15'
2026-06-23 17:50:50.457 [N/A] [] [main] DEBUG o.s.b.f.s.DefaultListableBeanFactory - Creating shared instance of singleton bean 'jpa.AuditLogRepository.fragments#0'
2026-06-23 17:50:50.471 [N/A] [] [main] DEBUG o.s.b.f.s.DefaultListableBeanFactory - Creating shared instance of singleton bean 'jpaSharedEM_entityManagerFactory'
2026-06-23 17:50:50.593 [N/A] [] [main] DEBUG o.s.b.f.s.DefaultListableBeanFactory - Creating shared instance of singleton bean 'jpaMappingContext'
2026-06-23 17:50:50.594 [N/A] [] [main] DEBUG o.s.d.j.r.c.JpaMetamodelMappingContextFactoryBean - Initializing JpaMetamodelMappingContext…
2026-06-23 17:50:50.620 [N/A] [] [main] DEBUG o.s.d.j.r.c.JpaMetamodelMappingContextFactoryBean - Finished initializing JpaMetamodelMappingContext
2026-06-23 17:50:50.673 [N/A] [] [main] DEBUG o.s.o.j.SharedEntityManagerCreator$SharedEntityManagerInvocationHandler - Creating new EntityManager for shared EntityManager invocation
2026-06-23 17:50:50.744 [N/A] [] [main] DEBUG o.s.o.j.SharedEntityManagerCreator$SharedEntityManagerInvocationHandler - Creating new EntityManager for shared EntityManager invocation
2026-06-23 17:50:50.955 [N/A] [] [main] DEBUG o.s.d.r.c.s.RepositoryFactorySupport - Initializing repository instance for com.telusko.demo.audit.repository.AuditLogRepository…
2026-06-23 17:50:50.971 [N/A] [] [main] DEBUG o.s.o.j.SharedEntityManagerCreator$SharedEntityManagerInvocationHandler - Creating new EntityManager for shared EntityManager invocation
2026-06-23 17:50:51.036 [N/A] [] [main] DEBUG o.s.d.j.repository.query.NamedQuery - Looking up named query AuditLog.findByEntityTypeAndEntityIdOrderByPerformedAtDesc
2026-06-23 17:50:51.055 [N/A] [] [main] DEBUG o.s.d.j.repository.query.NamedQuery - Did not find named query AuditLog.findByEntityTypeAndEntityIdOrderByPerformedAtDesc
2026-06-23 17:50:51.055 [N/A] [] [main] DEBUG o.s.o.j.SharedEntityManagerCreator$SharedEntityManagerInvocationHandler - Creating new EntityManager for shared EntityManager invocation
2026-06-23 17:50:51.128 [N/A] [] [main] DEBUG o.s.d.j.repository.query.NamedQuery - Looking up named query AuditLog.findAllByOrderByPerformedAtDesc
2026-06-23 17:50:51.129 [N/A] [] [main] DEBUG o.s.d.j.repository.query.NamedQuery - Did not find named query AuditLog.findAllByOrderByPerformedAtDesc
2026-06-23 17:50:51.129 [N/A] [] [main] DEBUG o.s.o.j.SharedEntityManagerCreator$SharedEntityManagerInvocationHandler - Creating new EntityManager for shared EntityManager invocation
2026-06-23 17:50:51.136 [N/A] [] [main] DEBUG o.s.d.r.c.s.RepositoryFactorySupport - Finished creation of repository instance for com.telusko.demo.audit.repository.AuditLogRepository.
2026-06-23 17:50:51.155 [N/A] [] [main] DEBUG o.s.b.f.s.DefaultListableBeanFactory - Creating shared instance of singleton bean 'userRepository'
2026-06-23 17:50:51.155 [N/A] [] [main] DEBUG o.s.b.f.s.DefaultListableBeanFactory - Creating shared instance of singleton bean 'jpa.named-queries#14'
2026-06-23 17:50:51.161 [N/A] [] [main] DEBUG o.s.b.f.s.DefaultListableBeanFactory - Creating shared instance of singleton bean 'jpa.UserRepository.fragments#0'
2026-06-23 17:50:51.165 [N/A] [] [main] DEBUG o.s.o.j.SharedEntityManagerCreator$SharedEntityManagerInvocationHandler - Creating new EntityManager for shared EntityManager invocation
2026-06-23 17:50:51.165 [N/A] [] [main] DEBUG o.s.d.r.c.s.RepositoryFactorySupport - Initializing repository instance for com.telusko.demo.user.repository.UserRepository…
2026-06-23 17:50:51.165 [N/A] [] [main] DEBUG o.s.o.j.SharedEntityManagerCreator$SharedEntityManagerInvocationHandler - Creating new EntityManager for shared EntityManager invocation
2026-06-23 17:50:51.175 [N/A] [] [main] DEBUG o.s.d.j.repository.query.NamedQuery - Looking up named query User.findByEmail
2026-06-23 17:50:51.175 [N/A] [] [main] DEBUG o.s.d.j.repository.query.NamedQuery - Did not find named query User.findByEmail
2026-06-23 17:50:51.175 [N/A] [] [main] DEBUG o.s.o.j.SharedEntityManagerCreator$SharedEntityManagerInvocationHandler - Creating new EntityManager for shared EntityManager invocation
2026-06-23 17:50:51.239 [N/A] [] [main] DEBUG o.s.d.j.repository.query.NamedQuery - Looking up named query User.existsByEmail
2026-06-23 17:50:51.239 [N/A] [] [main] DEBUG o.s.d.j.repository.query.NamedQuery - Did not find named query User.existsByEmail
2026-06-23 17:50:51.239 [N/A] [] [main] DEBUG o.s.o.j.SharedEntityManagerCreator$SharedEntityManagerInvocationHandler - Creating new EntityManager for shared EntityManager invocation
2026-06-23 17:50:51.239 [N/A] [] [main] DEBUG o.s.d.j.repository.query.NamedQuery - Looking up named query User.findByOrganizationIdAndActiveTrue
2026-06-23 17:50:51.239 [N/A] [] [main] DEBUG o.s.d.j.repository.query.NamedQuery - Did not find named query User.findByOrganizationIdAndActiveTrue
2026-06-23 17:50:51.239 [N/A] [] [main] DEBUG o.s.o.j.SharedEntityManagerCreator$SharedEntityManagerInvocationHandler - Creating new EntityManager for shared EntityManager invocation
2026-06-23 17:50:51.239 [N/A] [] [main] DEBUG o.s.d.j.repository.query.NamedQuery - Looking up named query User.findByOrganizationId
2026-06-23 17:50:51.239 [N/A] [] [main] DEBUG o.s.d.j.repository.query.NamedQuery - Did not find named query User.findByOrganizationId
2026-06-23 17:50:51.239 [N/A] [] [main] DEBUG o.s.o.j.SharedEntityManagerCreator$SharedEntityManagerInvocationHandler - Creating new EntityManager for shared EntityManager invocation
2026-06-23 17:50:51.255 [N/A] [] [main] DEBUG o.s.d.r.c.s.RepositoryFactorySupport - Finished creation of repository instance for com.telusko.demo.user.repository.UserRepository.
2026-06-23 17:50:51.255 [N/A] [] [main] DEBUG o.s.b.f.s.DefaultListableBeanFactory - Autowiring by type from bean name 'auditService' via constructor to bean named 'auditLogRepository'
2026-06-23 17:50:51.255 [N/A] [] [main] DEBUG o.s.b.f.s.DefaultListableBeanFactory - Autowiring by type from bean name 'auditService' via constructor to bean named 'userRepository'
2026-06-23 17:50:51.291 [N/A] [] [main] DEBUG o.s.b.f.s.DefaultListableBeanFactory - Creating shared instance of singleton bean 'authController'
2026-06-23 17:50:51.306 [N/A] [] [main] DEBUG o.s.b.f.s.DefaultListableBeanFactory - Creating shared instance of singleton bean 'authService'
2026-06-23 17:50:51.306 [N/A] [] [main] DEBUG o.s.b.f.s.DefaultListableBeanFactory - Creating shared instance of singleton bean 'userAuthRepository'
2026-06-23 17:50:51.320 [N/A] [] [main] DEBUG o.s.b.f.s.DefaultListableBeanFactory - Creating shared instance of singleton bean 'jpa.named-queries#21'
2026-06-23 17:50:51.320 [N/A] [] [main] DEBUG o.s.b.f.s.DefaultListableBeanFactory - Creating shared instance of singleton bean 'jpa.UserAuthRepository.fragments#0'
2026-06-23 17:50:51.345 [N/A] [] [main] DEBUG o.s.o.j.SharedEntityManagerCreator$SharedEntityManagerInvocationHandler - Creating new EntityManager for shared EntityManager invocation
2026-06-23 17:50:51.351 [N/A] [] [main] DEBUG o.s.d.r.c.s.RepositoryFactorySupport - Initializing repository instance for com.telusko.demo.user.repository.UserAuthRepository…
2026-06-23 17:50:51.352 [N/A] [] [main] DEBUG o.s.o.j.SharedEntityManagerCreator$SharedEntityManagerInvocationHandler - Creating new EntityManager for shared EntityManager invocation
2026-06-23 17:50:51.357 [N/A] [] [main] DEBUG o.s.d.j.repository.query.NamedQuery - Looking up named query UserAuth.findByUserId
2026-06-23 17:50:51.358 [N/A] [] [main] DEBUG o.s.d.j.repository.query.NamedQuery - Did not find named query UserAuth.findByUserId
2026-06-23 17:50:51.358 [N/A] [] [main] DEBUG o.s.o.j.SharedEntityManagerCreator$SharedEntityManagerInvocationHandler - Creating new EntityManager for shared EntityManager invocation
2026-06-23 17:50:51.364 [N/A] [] [main] DEBUG o.s.d.r.c.s.RepositoryFactorySupport - Finished creation of repository instance for com.telusko.demo.user.repository.UserAuthRepository.
2026-06-23 17:50:51.371 [N/A] [] [main] DEBUG o.s.b.f.s.DefaultListableBeanFactory - Creating shared instance of singleton bean 'roleRepository'
2026-06-23 17:50:51.374 [N/A] [] [main] DEBUG o.s.b.f.s.DefaultListableBeanFactory - Creating shared instance of singleton bean 'jpa.named-queries#0'
2026-06-23 17:50:51.374 [N/A] [] [main] DEBUG o.s.b.f.s.DefaultListableBeanFactory - Creating shared instance of singleton bean 'jpa.RoleRepository.fragments#0'
2026-06-23 17:50:51.374 [N/A] [] [main] DEBUG o.s.o.j.SharedEntityManagerCreator$SharedEntityManagerInvocationHandler - Creating new EntityManager for shared EntityManager invocation
2026-06-23 17:50:51.374 [N/A] [] [main] DEBUG o.s.d.r.c.s.RepositoryFactorySupport - Initializing repository instance for com.telusko.demo.role.repository.RoleRepository…
2026-06-23 17:50:51.374 [N/A] [] [main] DEBUG o.s.o.j.SharedEntityManagerCreator$SharedEntityManagerInvocationHandler - Creating new EntityManager for shared EntityManager invocation
2026-06-23 17:50:51.374 [N/A] [] [main] DEBUG o.s.d.j.repository.query.NamedQuery - Looking up named query Role.existsByOrganizationIdAndCode
2026-06-23 17:50:51.374 [N/A] [] [main] DEBUG o.s.d.j.repository.query.NamedQuery - Did not find named query Role.existsByOrganizationIdAndCode
2026-06-23 17:50:51.374 [N/A] [] [main] DEBUG o.s.o.j.SharedEntityManagerCreator$SharedEntityManagerInvocationHandler - Creating new EntityManager for shared EntityManager invocation
2026-06-23 17:50:51.394 [N/A] [] [main] DEBUG o.s.d.j.repository.query.NamedQuery - Looking up named query Role.findByOrganizationIdAndCode
2026-06-23 17:50:51.394 [N/A] [] [main] DEBUG o.s.d.j.repository.query.NamedQuery - Did not find named query Role.findByOrganizationIdAndCode
2026-06-23 17:50:51.394 [N/A] [] [main] DEBUG o.s.o.j.SharedEntityManagerCreator$SharedEntityManagerInvocationHandler - Creating new EntityManager for shared EntityManager invocation
2026-06-23 17:50:51.394 [N/A] [] [main] DEBUG o.s.d.j.repository.query.NamedQuery - Looking up named query Role.findByOrganizationIdAndActiveTrue
2026-06-23 17:50:51.394 [N/A] [] [main] DEBUG o.s.d.j.repository.query.NamedQuery - Did not find named query Role.findByOrganizationIdAndActiveTrue
2026-06-23 17:50:51.394 [N/A] [] [main] DEBUG o.s.o.j.SharedEntityManagerCreator$SharedEntityManagerInvocationHandler - Creating new EntityManager for shared EntityManager invocation
2026-06-23 17:50:51.394 [N/A] [] [main] DEBUG o.s.d.j.repository.query.NamedQuery - Looking up named query Role.findFirstByCode
2026-06-23 17:50:51.411 [N/A] [] [main] DEBUG o.s.d.j.repository.query.NamedQuery - Did not find named query Role.findFirstByCode
2026-06-23 17:50:51.411 [N/A] [] [main] DEBUG o.s.o.j.SharedEntityManagerCreator$SharedEntityManagerInvocationHandler - Creating new EntityManager for shared EntityManager invocation
2026-06-23 17:50:51.420 [N/A] [] [main] DEBUG o.s.d.r.c.s.RepositoryFactorySupport - Finished creation of repository instance for com.telusko.demo.role.repository.RoleRepository.
2026-06-23 17:50:51.422 [N/A] [] [main] DEBUG o.s.b.f.s.DefaultListableBeanFactory - Creating shared instance of singleton bean 'organizationRepository'
2026-06-23 17:50:51.440 [N/A] [] [main] DEBUG o.s.b.f.s.DefaultListableBeanFactory - Creating shared instance of singleton bean 'jpa.named-queries#7'
2026-06-23 17:50:51.443 [N/A] [] [main] DEBUG o.s.b.f.s.DefaultListableBeanFactory - Creating shared instance of singleton bean 'jpa.OrganizationRepository.fragments#0'
2026-06-23 17:50:51.447 [N/A] [] [main] DEBUG o.s.o.j.SharedEntityManagerCreator$SharedEntityManagerInvocationHandler - Creating new EntityManager for shared EntityManager invocation
2026-06-23 17:50:51.448 [N/A] [] [main] DEBUG o.s.d.r.c.s.RepositoryFactorySupport - Initializing repository instance for com.telusko.demo.organization.repository.OrganizationRepository…
2026-06-23 17:50:51.448 [N/A] [] [main] DEBUG o.s.o.j.SharedEntityManagerCreator$SharedEntityManagerInvocationHandler - Creating new EntityManager for shared EntityManager invocation
2026-06-23 17:50:51.455 [N/A] [] [main] DEBUG o.s.d.j.repository.query.NamedQuery - Looking up named query Organization.findByCode
2026-06-23 17:50:51.456 [N/A] [] [main] DEBUG o.s.d.j.repository.query.NamedQuery - Did not find named query Organization.findByCode
2026-06-23 17:50:51.456 [N/A] [] [main] DEBUG o.s.o.j.SharedEntityManagerCreator$SharedEntityManagerInvocationHandler - Creating new EntityManager for shared EntityManager invocation
2026-06-23 17:50:51.464 [N/A] [] [main] DEBUG o.s.d.j.repository.query.NamedQuery - Looking up named query Organization.existsByCode
2026-06-23 17:50:51.469 [N/A] [] [main] DEBUG o.s.d.j.repository.query.NamedQuery - Did not find named query Organization.existsByCode
2026-06-23 17:50:51.469 [N/A] [] [main] DEBUG o.s.o.j.SharedEntityManagerCreator$SharedEntityManagerInvocationHandler - Creating new EntityManager for shared EntityManager invocation
2026-06-23 17:50:51.474 [N/A] [] [main] DEBUG o.s.d.r.c.s.RepositoryFactorySupport - Finished creation of repository instance for com.telusko.demo.organization.repository.OrganizationRepository.
2026-06-23 17:50:51.479 [N/A] [] [main] DEBUG o.s.b.f.s.DefaultListableBeanFactory - Creating shared instance of singleton bean 'passwordEncoder'
2026-06-23 17:50:51.479 [N/A] [] [main] DEBUG o.s.b.f.s.DefaultListableBeanFactory - Creating shared instance of singleton bean 'securityConfig'
2026-06-23 17:50:51.480 [N/A] [] [main] DEBUG o.s.b.f.s.DefaultListableBeanFactory - Creating shared instance of singleton bean 'jwtAuthenticationFilter'
2026-06-23 17:50:51.482 [N/A] [] [main] DEBUG o.s.b.f.s.DefaultListableBeanFactory - Creating shared instance of singleton bean 'jwtTokenProvider'
2026-06-23 17:50:51.487 [N/A] [] [main] DEBUG o.s.c.e.PropertySourcesPropertyResolver - Found key 'app.jwt.secret' in PropertySource 'environmentProperties' with value of type String
2026-06-23 17:50:51.489 [N/A] [] [main] DEBUG o.s.c.e.PropertySourcesPropertyResolver - Found key 'app.jwt.expiration-ms' in PropertySource 'environmentProperties' with value of type String
2026-06-23 17:50:51.490 [N/A] [] [main] DEBUG o.s.c.e.PropertySourcesPropertyResolver - Found key 'app.jwt.refresh-expiration-ms' in PropertySource 'environmentProperties' with value of type String
2026-06-23 17:50:51.490 [N/A] [] [main] DEBUG o.s.b.f.s.DefaultListableBeanFactory - Autowiring by type from bean name 'jwtAuthenticationFilter' via constructor to bean named 'jwtTokenProvider'
2026-06-23 17:50:51.506 [N/A] [] [main] DEBUG o.s.b.f.s.DefaultListableBeanFactory - Autowiring by type from bean name 'securityConfig' via constructor to bean named 'jwtAuthenticationFilter'
2026-06-23 17:50:51.511 [N/A] [] [main] DEBUG o.s.b.f.s.DefaultListableBeanFactory - Autowiring by type from bean name 'authService' via constructor to bean named 'userRepository'
2026-06-23 17:50:51.511 [N/A] [] [main] DEBUG o.s.b.f.s.DefaultListableBeanFactory - Autowiring by type from bean name 'authService' via constructor to bean named 'userAuthRepository'
2026-06-23 17:50:51.511 [N/A] [] [main] DEBUG o.s.b.f.s.DefaultListableBeanFactory - Autowiring by type from bean name 'authService' via constructor to bean named 'roleRepository'
2026-06-23 17:50:51.511 [N/A] [] [main] DEBUG o.s.b.f.s.DefaultListableBeanFactory - Autowiring by type from bean name 'authService' via constructor to bean named 'organizationRepository'
2026-06-23 17:50:51.511 [N/A] [] [main] DEBUG o.s.b.f.s.DefaultListableBeanFactory - Autowiring by type from bean name 'authService' via constructor to bean named 'passwordEncoder'
2026-06-23 17:50:51.511 [N/A] [] [main] DEBUG o.s.b.f.s.DefaultListableBeanFactory - Autowiring by type from bean name 'authService' via constructor to bean named 'jwtTokenProvider'
2026-06-23 17:50:51.532 [N/A] [] [main] DEBUG o.s.b.f.s.DefaultListableBeanFactory - Autowiring by type from bean name 'authController' via constructor to bean named 'authService'
2026-06-23 17:50:51.546 [N/A] [] [main] DEBUG o.s.b.f.s.DefaultListableBeanFactory - Creating shared instance of singleton bean 'fileUploadController'
2026-06-23 17:50:51.562 [N/A] [] [main] DEBUG o.s.b.f.s.DefaultListableBeanFactory - Creating shared instance of singleton bean 'localFileStorageService'
2026-06-23 17:50:51.562 [N/A] [] [main] DEBUG o.s.b.f.s.DefaultListableBeanFactory - Autowiring by type from bean name 'fileUploadController' via constructor to bean named 'localFileStorageService'
2026-06-23 17:50:51.577 [N/A] [] [main] DEBUG o.s.b.f.s.DefaultListableBeanFactory - Creating shared instance of singleton bean 'globalExceptionHandler'
2026-06-23 17:50:51.583 [N/A] [] [main] DEBUG o.s.b.f.s.DefaultListableBeanFactory - Creating shared instance of singleton bean 'featureController'
2026-06-23 17:50:51.590 [N/A] [] [main] DEBUG o.s.b.f.s.DefaultListableBeanFactory - Creating shared instance of singleton bean 'featureService'
2026-06-23 17:50:51.595 [N/A] [] [main] DEBUG o.s.b.f.s.DefaultListableBeanFactory - Creating shared instance of singleton bean 'featureRepository'
2026-06-23 17:50:51.597 [N/A] [] [main] DEBUG o.s.b.f.s.DefaultListableBeanFactory - Creating shared instance of singleton bean 'jpa.named-queries#22'
2026-06-23 17:50:51.599 [N/A] [] [main] DEBUG o.s.b.f.s.DefaultListableBeanFactory - Creating shared instance of singleton bean 'jpa.FeatureRepository.fragments#0'
2026-06-23 17:50:51.603 [N/A] [] [main] DEBUG o.s.o.j.SharedEntityManagerCreator$SharedEntityManagerInvocationHandler - Creating new EntityManager for shared EntityManager invocation
2026-06-23 17:50:51.629 [N/A] [] [main] DEBUG o.s.d.r.c.s.RepositoryFactorySupport - Initializing repository instance for com.telusko.demo.feature.repository.FeatureRepository…
2026-06-23 17:50:51.630 [N/A] [] [main] DEBUG o.s.o.j.SharedEntityManagerCreator$SharedEntityManagerInvocationHandler - Creating new EntityManager for shared EntityManager invocation
2026-06-23 17:50:51.674 [N/A] [] [main] INFO  o.s.d.j.r.query.QueryEnhancerFactory - Hibernate is in classpath; If applicable, HQL parser will be used.
2026-06-23 17:50:52.119 [N/A] [] [main] DEBUG o.s.d.j.repository.query.NamedQuery - Did not find named query Feature.findByProjectIdAndStatusIdAndActiveTrueAndSearch.count
2026-06-23 17:50:52.119 [N/A] [] [main] DEBUG o.s.o.j.SharedEntityManagerCreator$SharedEntityManagerInvocationHandler - Creating new EntityManager for shared EntityManager invocation
2026-06-23 17:50:52.920 [N/A] [] [main] DEBUG o.s.d.j.repository.query.NamedQuery - Looking up named query Feature.countByProjectIdAndActiveTrue
2026-06-23 17:50:52.920 [N/A] [] [main] DEBUG o.s.d.j.repository.query.NamedQuery - Did not find named query Feature.countByProjectIdAndActiveTrue
2026-06-23 17:50:52.920 [N/A] [] [main] DEBUG o.s.o.j.SharedEntityManagerCreator$SharedEntityManagerInvocationHandler - Creating new EntityManager for shared EntityManager invocation
2026-06-23 17:50:52.939 [N/A] [] [main] DEBUG o.s.d.j.repository.query.NamedQuery - Did not find named query Feature.findByProjectIdAndStatusCodeAndActiveTrue.count
2026-06-23 17:50:52.939 [N/A] [] [main] DEBUG o.s.o.j.SharedEntityManagerCreator$SharedEntityManagerInvocationHandler - Creating new EntityManager for shared EntityManager invocation
2026-06-23 17:50:52.955 [N/A] [] [main] DEBUG o.s.d.j.repository.query.NamedQuery - Did not find named query Feature.findByProjectIdAndActiveTrueAndSearch.count
2026-06-23 17:50:52.955 [N/A] [] [main] DEBUG o.s.o.j.SharedEntityManagerCreator$SharedEntityManagerInvocationHandler - Creating new EntityManager for shared EntityManager invocation
2026-06-23 17:50:52.999 [N/A] [] [main] DEBUG o.s.d.j.repository.query.NamedQuery - Did not find named query Feature.findByProjectIdAndStatusIdAndActiveTrue.count
2026-06-23 17:50:52.999 [N/A] [] [main] DEBUG o.s.o.j.SharedEntityManagerCreator$SharedEntityManagerInvocationHandler - Creating new EntityManager for shared EntityManager invocation
2026-06-23 17:50:52.999 [N/A] [] [main] DEBUG o.s.d.j.repository.query.NamedQuery - Looking up named query Feature.findByProjectIdAndActiveTrue
2026-06-23 17:50:52.999 [N/A] [] [main] DEBUG o.s.d.j.repository.query.NamedQuery - Did not find named query Feature.findByProjectIdAndActiveTrue
2026-06-23 17:50:52.999 [N/A] [] [main] DEBUG o.s.o.j.SharedEntityManagerCreator$SharedEntityManagerInvocationHandler - Creating new EntityManager for shared EntityManager invocation
2026-06-23 17:50:53.015 [N/A] [] [main] DEBUG o.s.d.r.c.s.RepositoryFactorySupport - Finished creation of repository instance for com.telusko.demo.feature.repository.FeatureRepository.
2026-06-23 17:50:53.015 [N/A] [] [main] DEBUG o.s.b.f.s.DefaultListableBeanFactory - Creating shared instance of singleton bean 'projectRepository'
2026-06-23 17:50:53.015 [N/A] [] [main] DEBUG o.s.b.f.s.DefaultListableBeanFactory - Creating shared instance of singleton bean 'jpa.named-queries#18'
2026-06-23 17:50:53.057 [N/A] [] [main] DEBUG o.s.b.f.s.DefaultListableBeanFactory - Creating shared instance of singleton bean 'jpa.ProjectRepository.fragments#0'
2026-06-23 17:50:53.057 [N/A] [] [main] DEBUG o.s.o.j.SharedEntityManagerCreator$SharedEntityManagerInvocationHandler - Creating new EntityManager for shared EntityManager invocation
2026-06-23 17:50:53.057 [N/A] [] [main] DEBUG o.s.d.r.c.s.RepositoryFactorySupport - Initializing repository instance for com.telusko.demo.project.repository.ProjectRepository…
2026-06-23 17:50:53.057 [N/A] [] [main] DEBUG o.s.o.j.SharedEntityManagerCreator$SharedEntityManagerInvocationHandler - Creating new EntityManager for shared EntityManager invocation
2026-06-23 17:50:53.160 [N/A] [] [main] DEBUG o.s.d.j.repository.query.NamedQuery - Did not find named query Project.findByOrganizationIdAndActiveTrueAndSearch.count
2026-06-23 17:50:53.160 [N/A] [] [main] DEBUG o.s.o.j.SharedEntityManagerCreator$SharedEntityManagerInvocationHandler - Creating new EntityManager for shared EntityManager invocation
2026-06-23 17:50:53.570 [N/A] [] [main] DEBUG o.s.d.j.repository.query.NamedQuery - Looking up named query Project.existsByOrganizationIdAndCode
2026-06-23 17:50:53.570 [N/A] [] [main] DEBUG o.s.d.j.repository.query.NamedQuery - Did not find named query Project.existsByOrganizationIdAndCode
2026-06-23 17:50:53.570 [N/A] [] [main] DEBUG o.s.o.j.SharedEntityManagerCreator$SharedEntityManagerInvocationHandler - Creating new EntityManager for shared EntityManager invocation
2026-06-23 17:50:53.570 [N/A] [] [main] DEBUG o.s.d.j.repository.query.NamedQuery - Looking up named query Project.findByOrganizationIdAndActiveTrue
2026-06-23 17:50:53.570 [N/A] [] [main] DEBUG o.s.d.j.repository.query.NamedQuery - Did not find named query Project.findByOrganizationIdAndActiveTrue
2026-06-23 17:50:53.570 [N/A] [] [main] DEBUG o.s.o.j.SharedEntityManagerCreator$SharedEntityManagerInvocationHandler - Creating new EntityManager for shared EntityManager invocation
2026-06-23 17:50:53.589 [N/A] [] [main] DEBUG o.s.d.r.c.s.RepositoryFactorySupport - Finished creation of repository instance for com.telusko.demo.project.repository.ProjectRepository.
2026-06-23 17:50:53.589 [N/A] [] [main] DEBUG o.s.b.f.s.DefaultListableBeanFactory - Creating shared instance of singleton bean 'masterValueRepository'
2026-06-23 17:50:53.589 [N/A] [] [main] DEBUG o.s.b.f.s.DefaultListableBeanFactory - Creating shared instance of singleton bean 'jpa.named-queries#17'
2026-06-23 17:50:53.589 [N/A] [] [main] DEBUG o.s.b.f.s.DefaultListableBeanFactory - Creating shared instance of singleton bean 'jpa.MasterValueRepository.fragments#0'
2026-06-23 17:50:53.604 [N/A] [] [main] DEBUG o.s.o.j.SharedEntityManagerCreator$SharedEntityManagerInvocationHandler - Creating new EntityManager for shared EntityManager invocation
2026-06-23 17:50:53.604 [N/A] [] [main] DEBUG o.s.d.r.c.s.RepositoryFactorySupport - Initializing repository instance for com.telusko.demo.masterdata.repository.MasterValueRepository…
2026-06-23 17:50:53.604 [N/A] [] [main] DEBUG o.s.o.j.SharedEntityManagerCreator$SharedEntityManagerInvocationHandler - Creating new EntityManager for shared EntityManager invocation
2026-06-23 17:50:53.604 [N/A] [] [main] DEBUG o.s.d.j.repository.query.NamedQuery - Did not find named query MasterValue.findByMasterTypeCodeAndCode.count
2026-06-23 17:50:53.604 [N/A] [] [main] DEBUG o.s.o.j.SharedEntityManagerCreator$SharedEntityManagerInvocationHandler - Creating new EntityManager for shared EntityManager invocation
2026-06-23 17:50:53.604 [N/A] [] [main] DEBUG o.s.d.j.repository.query.NamedQuery - Looking up named query MasterValue.findByMasterTypeCodeAndActiveTrue
2026-06-23 17:50:53.604 [N/A] [] [main] DEBUG o.s.d.j.repository.query.NamedQuery - Did not find named query MasterValue.findByMasterTypeCodeAndActiveTrue
2026-06-23 17:50:53.620 [N/A] [] [main] DEBUG o.s.o.j.SharedEntityManagerCreator$SharedEntityManagerInvocationHandler - Creating new EntityManager for shared EntityManager invocation
2026-06-23 17:50:53.624 [N/A] [] [main] DEBUG o.s.d.j.repository.query.NamedQuery - Looking up named query MasterValue.findByMasterTypeIdAndActiveTrue
2026-06-23 17:50:53.624 [N/A] [] [main] DEBUG o.s.d.j.repository.query.NamedQuery - Did not find named query MasterValue.findByMasterTypeIdAndActiveTrue
2026-06-23 17:50:53.624 [N/A] [] [main] DEBUG o.s.o.j.SharedEntityManagerCreator$SharedEntityManagerInvocationHandler - Creating new EntityManager for shared EntityManager invocation
2026-06-23 17:50:53.631 [N/A] [] [main] DEBUG o.s.d.j.repository.query.NamedQuery - Looking up named query MasterValue.findByMasterTypeIdAndCode
2026-06-23 17:50:53.631 [N/A] [] [main] DEBUG o.s.d.j.repository.query.NamedQuery - Did not find named query MasterValue.findByMasterTypeIdAndCode
2026-06-23 17:50:53.631 [N/A] [] [main] DEBUG o.s.o.j.SharedEntityManagerCreator$SharedEntityManagerInvocationHandler - Creating new EntityManager for shared EntityManager invocation
2026-06-23 17:50:53.631 [N/A] [] [main] DEBUG o.s.d.r.c.s.RepositoryFactorySupport - Finished creation of repository instance for com.telusko.demo.masterdata.repository.MasterValueRepository.
2026-06-23 17:50:53.647 [N/A] [] [main] DEBUG o.s.b.f.s.DefaultListableBeanFactory - Creating shared instance of singleton bean 'permissionService'
2026-06-23 17:50:53.647 [N/A] [] [main] DEBUG o.s.b.f.s.DefaultListableBeanFactory - Creating shared instance of singleton bean 'rolePermissionRepository'
2026-06-23 17:50:53.647 [N/A] [] [main] DEBUG o.s.b.f.s.DefaultListableBeanFactory - Creating shared instance of singleton bean 'jpa.named-queries#4'
2026-06-23 17:50:53.647 [N/A] [] [main] DEBUG o.s.b.f.s.DefaultListableBeanFactory - Creating shared instance of singleton bean 'jpa.RolePermissionRepository.fragments#0'
2026-06-23 17:50:53.647 [N/A] [] [main] DEBUG o.s.o.j.SharedEntityManagerCreator$SharedEntityManagerInvocationHandler - Creating new EntityManager for shared EntityManager invocation
2026-06-23 17:50:53.673 [N/A] [] [main] DEBUG o.s.d.r.c.s.RepositoryFactorySupport - Initializing repository instance for com.telusko.demo.rbac.repository.RolePermissionRepository…
2026-06-23 17:50:53.673 [N/A] [] [main] DEBUG o.s.o.j.SharedEntityManagerCreator$SharedEntityManagerInvocationHandler - Creating new EntityManager for shared EntityManager invocation
2026-06-23 17:50:53.673 [N/A] [] [main] DEBUG o.s.d.j.repository.query.NamedQuery - Looking up named query RolePermission.existsByRoleIdAndFeatureIdAndActionId
2026-06-23 17:50:53.673 [N/A] [] [main] DEBUG o.s.d.j.repository.query.NamedQuery - Did not find named query RolePermission.existsByRoleIdAndFeatureIdAndActionId
2026-06-23 17:50:53.673 [N/A] [] [main] DEBUG o.s.o.j.SharedEntityManagerCreator$SharedEntityManagerInvocationHandler - Creating new EntityManager for shared EntityManager invocation
2026-06-23 17:50:53.705 [N/A] [] [main] DEBUG o.s.d.j.repository.query.NamedQuery - Did not find named query RolePermission.findAllowedPermission.count
2026-06-23 17:50:53.706 [N/A] [] [main] DEBUG o.s.o.j.SharedEntityManagerCreator$SharedEntityManagerInvocationHandler - Creating new EntityManager for shared EntityManager invocation
2026-06-23 17:50:53.716 [N/A] [] [main] DEBUG o.s.d.j.repository.query.NamedQuery - Looking up named query RolePermission.findByRoleId
2026-06-23 17:50:53.717 [N/A] [] [main] DEBUG o.s.d.j.repository.query.NamedQuery - Did not find named query RolePermission.findByRoleId
2026-06-23 17:50:53.718 [N/A] [] [main] DEBUG o.s.o.j.SharedEntityManagerCreator$SharedEntityManagerInvocationHandler - Creating new EntityManager for shared EntityManager invocation
2026-06-23 17:50:53.727 [N/A] [] [main] DEBUG o.s.d.r.c.s.RepositoryFactorySupport - Finished creation of repository instance for com.telusko.demo.rbac.repository.RolePermissionRepository.
2026-06-23 17:50:53.734 [N/A] [] [main] DEBUG o.s.b.f.s.DefaultListableBeanFactory - Creating shared instance of singleton bean 'permissionFeatureRepository'
2026-06-23 17:50:53.741 [N/A] [] [main] DEBUG o.s.b.f.s.DefaultListableBeanFactory - Creating shared instance of singleton bean 'jpa.named-queries#16'
2026-06-23 17:50:53.743 [N/A] [] [main] DEBUG o.s.b.f.s.DefaultListableBeanFactory - Creating shared instance of singleton bean 'jpa.PermissionFeatureRepository.fragments#0'
2026-06-23 17:50:53.746 [N/A] [] [main] DEBUG o.s.o.j.SharedEntityManagerCreator$SharedEntityManagerInvocationHandler - Creating new EntityManager for shared EntityManager invocation
2026-06-23 17:50:53.747 [N/A] [] [main] DEBUG o.s.d.r.c.s.RepositoryFactorySupport - Initializing repository instance for com.telusko.demo.rbac.repository.PermissionFeatureRepository…
2026-06-23 17:50:53.748 [N/A] [] [main] DEBUG o.s.o.j.SharedEntityManagerCreator$SharedEntityManagerInvocationHandler - Creating new EntityManager for shared EntityManager invocation
2026-06-23 17:50:53.751 [N/A] [] [main] DEBUG o.s.d.j.repository.query.NamedQuery - Looking up named query PermissionFeature.findByCode
2026-06-23 17:50:53.752 [N/A] [] [main] DEBUG o.s.d.j.repository.query.NamedQuery - Did not find named query PermissionFeature.findByCode
2026-06-23 17:50:53.752 [N/A] [] [main] DEBUG o.s.o.j.SharedEntityManagerCreator$SharedEntityManagerInvocationHandler - Creating new EntityManager for shared EntityManager invocation
2026-06-23 17:50:53.789 [N/A] [] [main] DEBUG o.s.d.r.c.s.RepositoryFactorySupport - Finished creation of repository instance for com.telusko.demo.rbac.repository.PermissionFeatureRepository.
2026-06-23 17:50:53.804 [N/A] [] [main] DEBUG o.s.b.f.s.DefaultListableBeanFactory - Creating shared instance of singleton bean 'permissionActionRepository'
2026-06-23 17:50:53.804 [N/A] [] [main] DEBUG o.s.b.f.s.DefaultListableBeanFactory - Creating shared instance of singleton bean 'jpa.named-queries#6'
2026-06-23 17:50:53.804 [N/A] [] [main] DEBUG o.s.b.f.s.DefaultListableBeanFactory - Creating shared instance of singleton bean 'jpa.PermissionActionRepository.fragments#0'
2026-06-23 17:50:53.804 [N/A] [] [main] DEBUG o.s.o.j.SharedEntityManagerCreator$SharedEntityManagerInvocationHandler - Creating new EntityManager for shared EntityManager invocation
2026-06-23 17:50:53.804 [N/A] [] [main] DEBUG o.s.d.r.c.s.RepositoryFactorySupport - Initializing repository instance for com.telusko.demo.rbac.repository.PermissionActionRepository…
2026-06-23 17:50:53.804 [N/A] [] [main] DEBUG o.s.o.j.SharedEntityManagerCreator$SharedEntityManagerInvocationHandler - Creating new EntityManager for shared EntityManager invocation
2026-06-23 17:50:53.816 [N/A] [] [main] DEBUG o.s.d.j.repository.query.NamedQuery - Looking up named query PermissionAction.findByCode
2026-06-23 17:50:53.816 [N/A] [] [main] DEBUG o.s.d.j.repository.query.NamedQuery - Did not find named query PermissionAction.findByCode
2026-06-23 17:50:53.816 [N/A] [] [main] DEBUG o.s.o.j.SharedEntityManagerCreator$SharedEntityManagerInvocationHandler - Creating new EntityManager for shared EntityManager invocation
2026-06-23 17:50:53.816 [N/A] [] [main] DEBUG o.s.d.r.c.s.RepositoryFactorySupport - Finished creation of repository instance for com.telusko.demo.rbac.repository.PermissionActionRepository.
2026-06-23 17:50:53.816 [N/A] [] [main] DEBUG o.s.b.f.s.DefaultListableBeanFactory - Autowiring by type from bean name 'permissionService' via constructor to bean named 'rolePermissionRepository'
2026-06-23 17:50:53.816 [N/A] [] [main] DEBUG o.s.b.f.s.DefaultListableBeanFactory - Autowiring by type from bean name 'permissionService' via constructor to bean named 'userRepository'
2026-06-23 17:50:53.816 [N/A] [] [main] DEBUG o.s.b.f.s.DefaultListableBeanFactory - Autowiring by type from bean name 'permissionService' via constructor to bean named 'roleRepository'
2026-06-23 17:50:53.816 [N/A] [] [main] DEBUG o.s.b.f.s.DefaultListableBeanFactory - Autowiring by type from bean name 'permissionService' via constructor to bean named 'permissionFeatureRepository'
2026-06-23 17:50:53.816 [N/A] [] [main] DEBUG o.s.b.f.s.DefaultListableBeanFactory - Autowiring by type from bean name 'permissionService' via constructor to bean named 'permissionActionRepository'
2026-06-23 17:50:53.888 [N/A] [] [main] DEBUG o.s.b.f.s.DefaultListableBeanFactory - Creating shared instance of singleton bean 'notificationService'
2026-06-23 17:50:53.888 [N/A] [] [main] DEBUG o.s.b.f.s.DefaultListableBeanFactory - Creating shared instance of singleton bean 'notificationRepository'
2026-06-23 17:50:53.888 [N/A] [] [main] DEBUG o.s.b.f.s.DefaultListableBeanFactory - Creating shared instance of singleton bean 'jpa.named-queries#19'
2026-06-23 17:50:53.888 [N/A] [] [main] DEBUG o.s.b.f.s.DefaultListableBeanFactory - Creating shared instance of singleton bean 'jpa.NotificationRepository.fragments#0'
2026-06-23 17:50:53.888 [N/A] [] [main] DEBUG o.s.o.j.SharedEntityManagerCreator$SharedEntityManagerInvocationHandler - Creating new EntityManager for shared EntityManager invocation
2026-06-23 17:50:53.904 [N/A] [] [main] DEBUG o.s.d.r.c.s.RepositoryFactorySupport - Initializing repository instance for com.telusko.demo.notification.repository.NotificationRepository…
2026-06-23 17:50:53.925 [N/A] [] [main] DEBUG o.s.o.j.SharedEntityManagerCreator$SharedEntityManagerInvocationHandler - Creating new EntityManager for shared EntityManager invocation
2026-06-23 17:50:53.941 [N/A] [] [main] DEBUG o.s.d.j.repository.query.NamedQuery - Looking up named query Notification.countByUserIdAndIsReadFalse
2026-06-23 17:50:53.941 [N/A] [] [main] DEBUG o.s.d.j.repository.query.NamedQuery - Did not find named query Notification.countByUserIdAndIsReadFalse
2026-06-23 17:50:53.941 [N/A] [] [main] DEBUG o.s.o.j.SharedEntityManagerCreator$SharedEntityManagerInvocationHandler - Creating new EntityManager for shared EntityManager invocation
2026-06-23 17:50:53.941 [N/A] [] [main] DEBUG o.s.d.j.repository.query.NamedQuery - Looking up named query Notification.findByUserIdOrderByCreatedAtDesc
2026-06-23 17:50:53.941 [N/A] [] [main] DEBUG o.s.d.j.repository.query.NamedQuery - Did not find named query Notification.findByUserIdOrderByCreatedAtDesc
2026-06-23 17:50:53.941 [N/A] [] [main] DEBUG o.s.o.j.SharedEntityManagerCreator$SharedEntityManagerInvocationHandler - Creating new EntityManager for shared EntityManager invocation
2026-06-23 17:50:53.941 [N/A] [] [main] DEBUG o.s.d.r.c.s.RepositoryFactorySupport - Finished creation of repository instance for com.telusko.demo.notification.repository.NotificationRepository.
2026-06-23 17:50:53.959 [N/A] [] [main] DEBUG o.s.b.f.s.DefaultListableBeanFactory - Autowiring by type from bean name 'notificationService' via constructor to bean named 'notificationRepository'
2026-06-23 17:50:53.959 [N/A] [] [main] DEBUG o.s.b.f.s.DefaultListableBeanFactory - Autowiring by type from bean name 'notificationService' via constructor to bean named 'userRepository'
2026-06-23 17:50:53.959 [N/A] [] [main] DEBUG o.s.b.f.s.DefaultListableBeanFactory - Creating shared instance of singleton bean 'sprintRepository'
2026-06-23 17:50:53.959 [N/A] [] [main] DEBUG o.s.b.f.s.DefaultListableBeanFactory - Creating shared instance of singleton bean 'jpa.named-queries#11'
2026-06-23 17:50:53.975 [N/A] [] [main] DEBUG o.s.b.f.s.DefaultListableBeanFactory - Creating shared instance of singleton bean 'jpa.SprintRepository.fragments#0'
2026-06-23 17:50:53.975 [N/A] [] [main] DEBUG o.s.o.j.SharedEntityManagerCreator$SharedEntityManagerInvocationHandler - Creating new EntityManager for shared EntityManager invocation
2026-06-23 17:50:53.986 [N/A] [] [main] DEBUG o.s.d.r.c.s.RepositoryFactorySupport - Initializing repository instance for com.telusko.demo.sprint.repository.SprintRepository…
2026-06-23 17:50:53.986 [N/A] [] [main] DEBUG o.s.o.j.SharedEntityManagerCreator$SharedEntityManagerInvocationHandler - Creating new EntityManager for shared EntityManager invocation
2026-06-23 17:50:53.986 [N/A] [] [main] DEBUG o.s.d.j.repository.query.NamedQuery - Did not find named query Sprint.findByProjectIdAndActiveTrueAndSearch.count
2026-06-23 17:50:53.986 [N/A] [] [main] DEBUG o.s.o.j.SharedEntityManagerCreator$SharedEntityManagerInvocationHandler - Creating new EntityManager for shared EntityManager invocation
2026-06-23 17:50:54.002 [N/A] [] [main] DEBUG o.s.d.j.repository.query.NamedQuery - Did not find named query Sprint.findByFeatureIdAndActiveTrueAndSearch.count
2026-06-23 17:50:54.002 [N/A] [] [main] DEBUG o.s.o.j.SharedEntityManagerCreator$SharedEntityManagerInvocationHandler - Creating new EntityManager for shared EntityManager invocation
2026-06-23 17:50:54.032 [N/A] [] [main] DEBUG o.s.d.j.repository.query.NamedQuery - Did not find named query Sprint.findNextPlannedSprintsByFeature.count
2026-06-23 17:50:54.032 [N/A] [] [main] DEBUG o.s.o.j.SharedEntityManagerCreator$SharedEntityManagerInvocationHandler - Creating new EntityManager for shared EntityManager invocation
2026-06-23 17:50:54.032 [N/A] [] [main] DEBUG o.s.d.j.repository.query.NamedQuery - Looking up named query Sprint.findByFeatureIdAndActiveTrue
2026-06-23 17:50:54.047 [N/A] [] [main] DEBUG o.s.d.j.repository.query.NamedQuery - Did not find named query Sprint.findByFeatureIdAndActiveTrue
2026-06-23 17:50:54.047 [N/A] [] [main] DEBUG o.s.o.j.SharedEntityManagerCreator$SharedEntityManagerInvocationHandler - Creating new EntityManager for shared EntityManager invocation
2026-06-23 17:50:54.064 [N/A] [] [main] DEBUG o.s.d.j.repository.query.NamedQuery - Did not find named query Sprint.findActiveSprintsEndingOnOrBefore.count
2026-06-23 17:50:54.064 [N/A] [] [main] DEBUG o.s.o.j.SharedEntityManagerCreator$SharedEntityManagerInvocationHandler - Creating new EntityManager for shared EntityManager invocation
2026-06-23 17:50:54.078 [N/A] [] [main] DEBUG o.s.d.j.repository.query.NamedQuery - Did not find named query Sprint.existsActiveSprintInProject.count
2026-06-23 17:50:54.078 [N/A] [] [main] DEBUG o.s.o.j.SharedEntityManagerCreator$SharedEntityManagerInvocationHandler - Creating new EntityManager for shared EntityManager invocation
2026-06-23 17:50:54.089 [N/A] [] [main] DEBUG o.s.d.j.repository.query.NamedQuery - Did not find named query Sprint.findActiveSprintByProject.count
2026-06-23 17:50:54.089 [N/A] [] [main] DEBUG o.s.o.j.SharedEntityManagerCreator$SharedEntityManagerInvocationHandler - Creating new EntityManager for shared EntityManager invocation
2026-06-23 17:50:54.089 [N/A] [] [main] DEBUG o.s.d.j.repository.query.NamedQuery - Looking up named query Sprint.countByFeatureIdAndActiveTrue
2026-06-23 17:50:54.089 [N/A] [] [main] DEBUG o.s.d.j.repository.query.NamedQuery - Did not find named query Sprint.countByFeatureIdAndActiveTrue
2026-06-23 17:50:54.089 [N/A] [] [main] DEBUG o.s.o.j.SharedEntityManagerCreator$SharedEntityManagerInvocationHandler - Creating new EntityManager for shared EntityManager invocation
2026-06-23 17:50:54.089 [N/A] [] [main] DEBUG o.s.d.j.repository.query.NamedQuery - Looking up named query Sprint.findByProjectIdAndActiveTrue
2026-06-23 17:50:54.089 [N/A] [] [main] DEBUG o.s.d.j.repository.query.NamedQuery - Did not find named query Sprint.findByProjectIdAndActiveTrue
2026-06-23 17:50:54.089 [N/A] [] [main] DEBUG o.s.o.j.SharedEntityManagerCreator$SharedEntityManagerInvocationHandler - Creating new EntityManager for shared EntityManager invocation
2026-06-23 17:50:54.102 [N/A] [] [main] DEBUG o.s.d.j.repository.query.NamedQuery - Looking up named query Sprint.findByProjectIdAndActiveTrue
2026-06-23 17:50:54.102 [N/A] [] [main] DEBUG o.s.d.j.repository.query.NamedQuery - Did not find named query Sprint.findByProjectIdAndActiveTrue
2026-06-23 17:50:54.102 [N/A] [] [main] DEBUG o.s.o.j.SharedEntityManagerCreator$SharedEntityManagerInvocationHandler - Creating new EntityManager for shared EntityManager invocation
2026-06-23 17:50:54.102 [N/A] [] [main] DEBUG o.s.d.j.repository.query.NamedQuery - Did not find named query Sprint.findActiveSprintsEndingOn.count
2026-06-23 17:50:54.102 [N/A] [] [main] DEBUG o.s.o.j.SharedEntityManagerCreator$SharedEntityManagerInvocationHandler - Creating new EntityManager for shared EntityManager invocation
2026-06-23 17:50:54.117 [N/A] [] [main] DEBUG o.s.d.j.repository.query.NamedQuery - Did not find named query Sprint.findByProjectIdAndFeatureIdAndActiveTrue.count
2026-06-23 17:50:54.117 [N/A] [] [main] DEBUG o.s.o.j.SharedEntityManagerCreator$SharedEntityManagerInvocationHandler - Creating new EntityManager for shared EntityManager invocation
2026-06-23 17:50:54.120 [N/A] [] [main] DEBUG o.s.d.r.c.s.RepositoryFactorySupport - Finished creation of repository instance for com.telusko.demo.sprint.repository.SprintRepository.
2026-06-23 17:50:54.132 [N/A] [] [main] DEBUG o.s.b.f.s.DefaultListableBeanFactory - Creating shared instance of singleton bean 'projectMemberRepository'
2026-06-23 17:50:54.132 [N/A] [] [main] DEBUG o.s.b.f.s.DefaultListableBeanFactory - Creating shared instance of singleton bean 'jpa.named-queries#13'
2026-06-23 17:50:54.132 [N/A] [] [main] DEBUG o.s.b.f.s.DefaultListableBeanFactory - Creating shared instance of singleton bean 'jpa.ProjectMemberRepository.fragments#0'
2026-06-23 17:50:54.132 [N/A] [] [main] DEBUG o.s.o.j.SharedEntityManagerCreator$SharedEntityManagerInvocationHandler - Creating new EntityManager for shared EntityManager invocation
2026-06-23 17:50:54.147 [N/A] [] [main] DEBUG o.s.d.r.c.s.RepositoryFactorySupport - Initializing repository instance for com.telusko.demo.project.repository.ProjectMemberRepository…
2026-06-23 17:50:54.147 [N/A] [] [main] DEBUG o.s.o.j.SharedEntityManagerCreator$SharedEntityManagerInvocationHandler - Creating new EntityManager for shared EntityManager invocation
2026-06-23 17:50:54.147 [N/A] [] [main] DEBUG o.s.d.j.repository.query.NamedQuery - Looking up named query ProjectMember.findByProjectIdAndEndDateIsNull
2026-06-23 17:50:54.147 [N/A] [] [main] DEBUG o.s.d.j.repository.query.NamedQuery - Did not find named query ProjectMember.findByProjectIdAndEndDateIsNull
2026-06-23 17:50:54.147 [N/A] [] [main] DEBUG o.s.o.j.SharedEntityManagerCreator$SharedEntityManagerInvocationHandler - Creating new EntityManager for shared EntityManager invocation
2026-06-23 17:50:54.164 [N/A] [] [main] DEBUG o.s.d.j.repository.query.NamedQuery - Did not find named query ProjectMember.findActiveMembership.count
2026-06-23 17:50:54.164 [N/A] [] [main] DEBUG o.s.o.j.SharedEntityManagerCreator$SharedEntityManagerInvocationHandler - Creating new EntityManager for shared EntityManager invocation
2026-06-23 17:50:54.178 [N/A] [] [main] DEBUG o.s.d.j.repository.query.NamedQuery - Did not find named query ProjectMember.countActiveMembers.count
2026-06-23 17:50:54.178 [N/A] [] [main] DEBUG o.s.o.j.SharedEntityManagerCreator$SharedEntityManagerInvocationHandler - Creating new EntityManager for shared EntityManager invocation
2026-06-23 17:50:54.210 [N/A] [] [main] DEBUG o.s.d.r.c.s.RepositoryFactorySupport - Finished creation of repository instance for com.telusko.demo.project.repository.ProjectMemberRepository.
2026-06-23 17:50:54.210 [N/A] [] [main] DEBUG o.s.b.f.s.DefaultListableBeanFactory - Autowiring by type from bean name 'featureService' via constructor to bean named 'featureRepository'
2026-06-23 17:50:54.210 [N/A] [] [main] DEBUG o.s.b.f.s.DefaultListableBeanFactory - Autowiring by type from bean name 'featureService' via constructor to bean named 'projectRepository'
2026-06-23 17:50:54.210 [N/A] [] [main] DEBUG o.s.b.f.s.DefaultListableBeanFactory - Autowiring by type from bean name 'featureService' via constructor to bean named 'masterValueRepository'
2026-06-23 17:50:54.210 [N/A] [] [main] DEBUG o.s.b.f.s.DefaultListableBeanFactory - Autowiring by type from bean name 'featureService' via constructor to bean named 'permissionService'
2026-06-23 17:50:54.210 [N/A] [] [main] DEBUG o.s.b.f.s.DefaultListableBeanFactory - Autowiring by type from bean name 'featureService' via constructor to bean named 'auditService'
2026-06-23 17:50:54.210 [N/A] [] [main] DEBUG o.s.b.f.s.DefaultListableBeanFactory - Autowiring by type from bean name 'featureService' via constructor to bean named 'notificationService'
2026-06-23 17:50:54.210 [N/A] [] [main] DEBUG o.s.b.f.s.DefaultListableBeanFactory - Autowiring by type from bean name 'featureService' via constructor to bean named 'sprintRepository'
2026-06-23 17:50:54.210 [N/A] [] [main] DEBUG o.s.b.f.s.DefaultListableBeanFactory - Autowiring by type from bean name 'featureService' via constructor to bean named 'projectMemberRepository'
2026-06-23 17:50:54.221 [N/A] [] [main] DEBUG o.s.b.f.s.DefaultListableBeanFactory - Autowiring by type from bean name 'featureController' via constructor to bean named 'featureService'
2026-06-23 17:50:54.221 [N/A] [] [main] DEBUG o.s.b.f.s.DefaultListableBeanFactory - Creating shared instance of singleton bean 'holidayController'
2026-06-23 17:50:54.237 [N/A] [] [main] DEBUG o.s.b.f.s.DefaultListableBeanFactory - Creating shared instance of singleton bean 'holidayService'
2026-06-23 17:50:54.237 [N/A] [] [main] DEBUG o.s.b.f.s.DefaultListableBeanFactory - Creating shared instance of singleton bean 'holidayRepository'
2026-06-23 17:50:54.237 [N/A] [] [main] DEBUG o.s.b.f.s.DefaultListableBeanFactory - Creating shared instance of singleton bean 'jpa.named-queries#20'
2026-06-23 17:50:54.237 [N/A] [] [main] DEBUG o.s.b.f.s.DefaultListableBeanFactory - Creating shared instance of singleton bean 'jpa.HolidayRepository.fragments#0'
2026-06-23 17:50:54.237 [N/A] [] [main] DEBUG o.s.o.j.SharedEntityManagerCreator$SharedEntityManagerInvocationHandler - Creating new EntityManager for shared EntityManager invocation
2026-06-23 17:50:54.295 [N/A] [] [main] DEBUG o.s.d.r.c.s.RepositoryFactorySupport - Initializing repository instance for com.telusko.demo.holiday.repository.HolidayRepository…
2026-06-23 17:50:54.296 [N/A] [] [main] DEBUG o.s.o.j.SharedEntityManagerCreator$SharedEntityManagerInvocationHandler - Creating new EntityManager for shared EntityManager invocation
2026-06-23 17:50:54.306 [N/A] [] [main] DEBUG o.s.d.j.repository.query.NamedQuery - Looking up named query Holiday.findByOrganizationIdAndActiveTrueOrderByDateAsc
2026-06-23 17:50:54.306 [N/A] [] [main] DEBUG o.s.d.j.repository.query.NamedQuery - Did not find named query Holiday.findByOrganizationIdAndActiveTrueOrderByDateAsc
2026-06-23 17:50:54.306 [N/A] [] [main] DEBUG o.s.o.j.SharedEntityManagerCreator$SharedEntityManagerInvocationHandler - Creating new EntityManager for shared EntityManager invocation
2026-06-23 17:50:54.321 [N/A] [] [main] DEBUG o.s.d.j.repository.query.NamedQuery - Did not find named query Holiday.findByOrganizationIdAndYear.count
2026-06-23 17:50:54.321 [N/A] [] [main] DEBUG o.s.o.j.SharedEntityManagerCreator$SharedEntityManagerInvocationHandler - Creating new EntityManager for shared EntityManager invocation
2026-06-23 17:50:54.383 [N/A] [] [main] DEBUG o.s.d.r.c.s.RepositoryFactorySupport - Finished creation of repository instance for com.telusko.demo.holiday.repository.HolidayRepository.
2026-06-23 17:50:54.388 [N/A] [] [main] DEBUG o.s.b.f.s.DefaultListableBeanFactory - Autowiring by type from bean name 'holidayService' via constructor to bean named 'holidayRepository'
2026-06-23 17:50:54.388 [N/A] [] [main] DEBUG o.s.b.f.s.DefaultListableBeanFactory - Autowiring by type from bean name 'holidayService' via constructor to bean named 'organizationRepository'
2026-06-23 17:50:54.431 [N/A] [] [main] DEBUG o.s.b.f.s.DefaultListableBeanFactory - Autowiring by type from bean name 'holidayController' via constructor to bean named 'holidayService'
2026-06-23 17:50:54.434 [N/A] [] [main] DEBUG o.s.b.f.s.DefaultListableBeanFactory - Creating shared instance of singleton bean 'leaveController'
2026-06-23 17:50:54.438 [N/A] [] [main] DEBUG o.s.b.f.s.DefaultListableBeanFactory - Creating shared instance of singleton bean 'leaveService'
2026-06-23 17:50:54.438 [N/A] [] [main] DEBUG o.s.b.f.s.DefaultListableBeanFactory - Creating shared instance of singleton bean 'leaveRequestRepository'
2026-06-23 17:50:54.444 [N/A] [] [main] DEBUG o.s.b.f.s.DefaultListableBeanFactory - Creating shared instance of singleton bean 'jpa.named-queries#3'
2026-06-23 17:50:54.444 [N/A] [] [main] DEBUG o.s.b.f.s.DefaultListableBeanFactory - Creating shared instance of singleton bean 'jpa.LeaveRequestRepository.fragments#0'
2026-06-23 17:50:54.444 [N/A] [] [main] DEBUG o.s.o.j.SharedEntityManagerCreator$SharedEntityManagerInvocationHandler - Creating new EntityManager for shared EntityManager invocation
2026-06-23 17:50:54.509 [N/A] [] [main] DEBUG o.s.d.r.c.s.RepositoryFactorySupport - Initializing repository instance for com.telusko.demo.leave.repository.LeaveRequestRepository…
2026-06-23 17:50:54.509 [N/A] [] [main] DEBUG o.s.o.j.SharedEntityManagerCreator$SharedEntityManagerInvocationHandler - Creating new EntityManager for shared EntityManager invocation
2026-06-23 17:50:54.671 [N/A] [] [main] DEBUG o.s.d.j.repository.query.NamedQuery - Did not find named query LeaveRequest.findPendingTeamLeaves.count
2026-06-23 17:50:54.671 [N/A] [] [main] DEBUG o.s.o.j.SharedEntityManagerCreator$SharedEntityManagerInvocationHandler - Creating new EntityManager for shared EntityManager invocation
2026-06-23 17:50:55.021 [N/A] [] [main] DEBUG o.s.d.j.repository.query.NamedQuery - Did not find named query LeaveRequest.findAllPendingLeaves.count
2026-06-23 17:50:55.021 [N/A] [] [main] DEBUG o.s.o.j.SharedEntityManagerCreator$SharedEntityManagerInvocationHandler - Creating new EntityManager for shared EntityManager invocation
2026-06-23 17:50:55.034 [N/A] [] [main] DEBUG o.s.d.j.repository.query.NamedQuery - Looking up named query LeaveRequest.findByUserIdAndActiveTrueOrderByStartDateDesc
2026-06-23 17:50:55.034 [N/A] [] [main] DEBUG o.s.d.j.repository.query.NamedQuery - Did not find named query LeaveRequest.findByUserIdAndActiveTrueOrderByStartDateDesc
2026-06-23 17:50:55.034 [N/A] [] [main] DEBUG o.s.o.j.SharedEntityManagerCreator$SharedEntityManagerInvocationHandler - Creating new EntityManager for shared EntityManager invocation
2026-06-23 17:50:55.034 [N/A] [] [main] DEBUG o.s.d.r.c.s.RepositoryFactorySupport - Finished creation of repository instance for com.telusko.demo.leave.repository.LeaveRequestRepository.
2026-06-23 17:50:55.050 [N/A] [] [main] DEBUG o.s.b.f.s.DefaultListableBeanFactory - Creating shared instance of singleton bean 'leaveBalanceRepository'
2026-06-23 17:50:55.050 [N/A] [] [main] DEBUG o.s.b.f.s.DefaultListableBeanFactory - Creating shared instance of singleton bean 'jpa.named-queries#10'
2026-06-23 17:50:55.050 [N/A] [] [main] DEBUG o.s.b.f.s.DefaultListableBeanFactory - Creating shared instance of singleton bean 'jpa.LeaveBalanceRepository.fragments#0'
2026-06-23 17:50:55.065 [N/A] [] [main] DEBUG o.s.o.j.SharedEntityManagerCreator$SharedEntityManagerInvocationHandler - Creating new EntityManager for shared EntityManager invocation
2026-06-23 17:50:55.074 [N/A] [] [main] DEBUG o.s.d.r.c.s.RepositoryFactorySupport - Initializing repository instance for com.telusko.demo.leave.repository.LeaveBalanceRepository…
2026-06-23 17:50:55.074 [N/A] [] [main] DEBUG o.s.o.j.SharedEntityManagerCreator$SharedEntityManagerInvocationHandler - Creating new EntityManager for shared EntityManager invocation
2026-06-23 17:50:55.074 [N/A] [] [main] DEBUG o.s.d.j.repository.query.NamedQuery - Looking up named query LeaveBalance.findByUserIdAndLeaveTypeIdAndYearAndActiveTrue
2026-06-23 17:50:55.074 [N/A] [] [main] DEBUG o.s.d.j.repository.query.NamedQuery - Did not find named query LeaveBalance.findByUserIdAndLeaveTypeIdAndYearAndActiveTrue
2026-06-23 17:50:55.074 [N/A] [] [main] DEBUG o.s.o.j.SharedEntityManagerCreator$SharedEntityManagerInvocationHandler - Creating new EntityManager for shared EntityManager invocation
2026-06-23 17:50:55.090 [N/A] [] [main] DEBUG o.s.d.j.repository.query.NamedQuery - Looking up named query LeaveBalance.findByUserIdAndYearAndActiveTrue
2026-06-23 17:50:55.090 [N/A] [] [main] DEBUG o.s.d.j.repository.query.NamedQuery - Did not find named query LeaveBalance.findByUserIdAndYearAndActiveTrue
2026-06-23 17:50:55.090 [N/A] [] [main] DEBUG o.s.o.j.SharedEntityManagerCreator$SharedEntityManagerInvocationHandler - Creating new EntityManager for shared EntityManager invocation
2026-06-23 17:50:55.106 [N/A] [] [main] DEBUG o.s.d.r.c.s.RepositoryFactorySupport - Finished creation of repository instance for com.telusko.demo.leave.repository.LeaveBalanceRepository.
2026-06-23 17:50:55.106 [N/A] [] [main] DEBUG o.s.b.f.s.DefaultListableBeanFactory - Creating shared instance of singleton bean 'leaveApprovalHistoryRepository'
2026-06-23 17:50:55.106 [N/A] [] [main] DEBUG o.s.b.f.s.DefaultListableBeanFactory - Creating shared instance of singleton bean 'jpa.named-queries#5'
2026-06-23 17:50:55.106 [N/A] [] [main] DEBUG o.s.b.f.s.DefaultListableBeanFactory - Creating shared instance of singleton bean 'jpa.LeaveApprovalHistoryRepository.fragments#0'
2026-06-23 17:50:55.120 [N/A] [] [main] DEBUG o.s.o.j.SharedEntityManagerCreator$SharedEntityManagerInvocationHandler - Creating new EntityManager for shared EntityManager invocation
2026-06-23 17:50:55.126 [N/A] [] [main] DEBUG o.s.d.r.c.s.RepositoryFactorySupport - Initializing repository instance for com.telusko.demo.leave.repository.LeaveApprovalHistoryRepository…
2026-06-23 17:50:55.126 [N/A] [] [main] DEBUG o.s.o.j.SharedEntityManagerCreator$SharedEntityManagerInvocationHandler - Creating new EntityManager for shared EntityManager invocation
2026-06-23 17:50:55.126 [N/A] [] [main] DEBUG o.s.d.j.repository.query.NamedQuery - Looking up named query LeaveApprovalHistory.findByLeaveRequestIdOrderByActionAtDesc
2026-06-23 17:50:55.126 [N/A] [] [main] DEBUG o.s.d.j.repository.query.NamedQuery - Did not find named query LeaveApprovalHistory.findByLeaveRequestIdOrderByActionAtDesc
2026-06-23 17:50:55.135 [N/A] [] [main] DEBUG o.s.o.j.SharedEntityManagerCreator$SharedEntityManagerInvocationHandler - Creating new EntityManager for shared EntityManager invocation
2026-06-23 17:50:55.141 [N/A] [] [main] DEBUG o.s.d.r.c.s.RepositoryFactorySupport - Finished creation of repository instance for com.telusko.demo.leave.repository.LeaveApprovalHistoryRepository.
2026-06-23 17:50:55.141 [N/A] [] [main] DEBUG o.s.b.f.s.DefaultListableBeanFactory - Autowiring by type from bean name 'leaveService' via constructor to bean named 'leaveRequestRepository'
2026-06-23 17:50:55.141 [N/A] [] [main] DEBUG o.s.b.f.s.DefaultListableBeanFactory - Autowiring by type from bean name 'leaveService' via constructor to bean named 'leaveBalanceRepository'
2026-06-23 17:50:55.141 [N/A] [] [main] DEBUG o.s.b.f.s.DefaultListableBeanFactory - Autowiring by type from bean name 'leaveService' via constructor to bean named 'leaveApprovalHistoryRepository'
2026-06-23 17:50:55.141 [N/A] [] [main] DEBUG o.s.b.f.s.DefaultListableBeanFactory - Autowiring by type from bean name 'leaveService' via constructor to bean named 'userRepository'
2026-06-23 17:50:55.141 [N/A] [] [main] DEBUG o.s.b.f.s.DefaultListableBeanFactory - Autowiring by type from bean name 'leaveService' via constructor to bean named 'masterValueRepository'
2026-06-23 17:50:55.174 [N/A] [] [main] DEBUG o.s.b.f.s.DefaultListableBeanFactory - Autowiring by type from bean name 'leaveController' via constructor to bean named 'leaveService'
2026-06-23 17:50:55.176 [N/A] [] [main] DEBUG o.s.b.f.s.DefaultListableBeanFactory - Creating shared instance of singleton bean 'masterDataController'
2026-06-23 17:50:55.178 [N/A] [] [main] DEBUG o.s.b.f.s.DefaultListableBeanFactory - Creating shared instance of singleton bean 'masterDataService'
2026-06-23 17:50:55.180 [N/A] [] [main] DEBUG o.s.b.f.s.DefaultListableBeanFactory - Creating shared instance of singleton bean 'masterTypeRepository'
2026-06-23 17:50:55.181 [N/A] [] [main] DEBUG o.s.b.f.s.DefaultListableBeanFactory - Creating shared instance of singleton bean 'jpa.named-queries#2'
2026-06-23 17:50:55.185 [N/A] [] [main] DEBUG o.s.b.f.s.DefaultListableBeanFactory - Creating shared instance of singleton bean 'jpa.MasterTypeRepository.fragments#0'
2026-06-23 17:50:55.188 [N/A] [] [main] DEBUG o.s.o.j.SharedEntityManagerCreator$SharedEntityManagerInvocationHandler - Creating new EntityManager for shared EntityManager invocation
2026-06-23 17:50:55.190 [N/A] [] [main] DEBUG o.s.d.r.c.s.RepositoryFactorySupport - Initializing repository instance for com.telusko.demo.masterdata.repository.MasterTypeRepository…
2026-06-23 17:50:55.190 [N/A] [] [main] DEBUG o.s.o.j.SharedEntityManagerCreator$SharedEntityManagerInvocationHandler - Creating new EntityManager for shared EntityManager invocation
2026-06-23 17:50:55.196 [N/A] [] [main] DEBUG o.s.d.j.repository.query.NamedQuery - Looking up named query MasterType.findByOrganizationIdAndCode
2026-06-23 17:50:55.197 [N/A] [] [main] DEBUG o.s.d.j.repository.query.NamedQuery - Did not find named query MasterType.findByOrganizationIdAndCode
2026-06-23 17:50:55.197 [N/A] [] [main] DEBUG o.s.o.j.SharedEntityManagerCreator$SharedEntityManagerInvocationHandler - Creating new EntityManager for shared EntityManager invocation
2026-06-23 17:50:55.202 [N/A] [] [main] DEBUG o.s.d.j.repository.query.NamedQuery - Looking up named query MasterType.findByOrganizationIdAndActiveTrue
2026-06-23 17:50:55.203 [N/A] [] [main] DEBUG o.s.d.j.repository.query.NamedQuery - Did not find named query MasterType.findByOrganizationIdAndActiveTrue
2026-06-23 17:50:55.203 [N/A] [] [main] DEBUG o.s.o.j.SharedEntityManagerCreator$SharedEntityManagerInvocationHandler - Creating new EntityManager for shared EntityManager invocation
2026-06-23 17:50:55.204 [N/A] [] [main] DEBUG o.s.d.r.c.s.RepositoryFactorySupport - Finished creation of repository instance for com.telusko.demo.masterdata.repository.MasterTypeRepository.
2026-06-23 17:50:55.204 [N/A] [] [main] DEBUG o.s.b.f.s.DefaultListableBeanFactory - Autowiring by type from bean name 'masterDataService' via constructor to bean named 'masterTypeRepository'
2026-06-23 17:50:55.204 [N/A] [] [main] DEBUG o.s.b.f.s.DefaultListableBeanFactory - Autowiring by type from bean name 'masterDataService' via constructor to bean named 'masterValueRepository'
2026-06-23 17:50:55.204 [N/A] [] [main] DEBUG o.s.b.f.s.DefaultListableBeanFactory - Autowiring by type from bean name 'masterDataService' via constructor to bean named 'organizationRepository'
2026-06-23 17:50:55.204 [N/A] [] [main] DEBUG o.s.b.f.s.DefaultListableBeanFactory - Autowiring by type from bean name 'masterDataService' via constructor to bean named 'roleRepository'
2026-06-23 17:50:55.204 [N/A] [] [main] DEBUG o.s.b.f.s.DefaultListableBeanFactory - Autowiring by type from bean name 'masterDataService' via constructor to bean named 'permissionFeatureRepository'
2026-06-23 17:50:55.204 [N/A] [] [main] DEBUG o.s.b.f.s.DefaultListableBeanFactory - Autowiring by type from bean name 'masterDataService' via constructor to bean named 'permissionActionRepository'
2026-06-23 17:50:55.204 [N/A] [] [main] DEBUG o.s.b.f.s.DefaultListableBeanFactory - Autowiring by type from bean name 'masterDataService' via constructor to bean named 'rolePermissionRepository'
2026-06-23 17:50:55.231 [N/A] [] [main] DEBUG o.s.b.f.s.DefaultListableBeanFactory - Autowiring by type from bean name 'masterDataController' via constructor to bean named 'masterDataService'
2026-06-23 17:50:55.231 [N/A] [] [main] DEBUG o.s.b.f.s.DefaultListableBeanFactory - Creating shared instance of singleton bean 'notificationController'
2026-06-23 17:50:55.231 [N/A] [] [main] DEBUG o.s.b.f.s.DefaultListableBeanFactory - Autowiring by type from bean name 'notificationController' via constructor to bean named 'notificationService'
2026-06-23 17:50:55.231 [N/A] [] [main] DEBUG o.s.b.f.s.DefaultListableBeanFactory - Creating shared instance of singleton bean 'organizationController'
2026-06-23 17:50:55.231 [N/A] [] [main] DEBUG o.s.b.f.s.DefaultListableBeanFactory - Creating shared instance of singleton bean 'organizationService'
2026-06-23 17:50:55.231 [N/A] [] [main] DEBUG o.s.b.f.s.DefaultListableBeanFactory - Autowiring by type from bean name 'organizationService' via constructor to bean named 'organizationRepository'
2026-06-23 17:50:55.264 [N/A] [] [main] DEBUG o.s.b.f.s.DefaultListableBeanFactory - Autowiring by type from bean name 'organizationController' via constructor to bean named 'organizationService'
2026-06-23 17:50:55.272 [N/A] [] [main] DEBUG o.s.b.f.s.DefaultListableBeanFactory - Creating shared instance of singleton bean 'projectController'
2026-06-23 17:50:55.285 [N/A] [] [main] DEBUG o.s.b.f.s.DefaultListableBeanFactory - Creating shared instance of singleton bean 'projectService'
2026-06-23 17:50:55.288 [N/A] [] [main] DEBUG o.s.b.f.s.DefaultListableBeanFactory - Autowiring by type from bean name 'projectService' via constructor to bean named 'projectRepository'
2026-06-23 17:50:55.288 [N/A] [] [main] DEBUG o.s.b.f.s.DefaultListableBeanFactory - Autowiring by type from bean name 'projectService' via constructor to bean named 'projectMemberRepository'
2026-06-23 17:50:55.288 [N/A] [] [main] DEBUG o.s.b.f.s.DefaultListableBeanFactory - Autowiring by type from bean name 'projectService' via constructor to bean named 'organizationRepository'
2026-06-23 17:50:55.288 [N/A] [] [main] DEBUG o.s.b.f.s.DefaultListableBeanFactory - Autowiring by type from bean name 'projectService' via constructor to bean named 'userRepository'
2026-06-23 17:50:55.288 [N/A] [] [main] DEBUG o.s.b.f.s.DefaultListableBeanFactory - Autowiring by type from bean name 'projectService' via constructor to bean named 'masterValueRepository'
2026-06-23 17:50:55.288 [N/A] [] [main] DEBUG o.s.b.f.s.DefaultListableBeanFactory - Autowiring by type from bean name 'projectService' via constructor to bean named 'permissionService'
2026-06-23 17:50:55.288 [N/A] [] [main] DEBUG o.s.b.f.s.DefaultListableBeanFactory - Autowiring by type from bean name 'projectService' via constructor to bean named 'auditService'
2026-06-23 17:50:55.303 [N/A] [] [main] DEBUG o.s.b.f.s.DefaultListableBeanFactory - Autowiring by type from bean name 'projectController' via constructor to bean named 'projectService'
2026-06-23 17:50:55.303 [N/A] [] [main] DEBUG o.s.b.f.s.DefaultListableBeanFactory - Creating shared instance of singleton bean 'permissionController'
2026-06-23 17:50:55.303 [N/A] [] [main] DEBUG o.s.b.f.s.DefaultListableBeanFactory - Autowiring by type from bean name 'permissionController' via constructor to bean named 'permissionService'
2026-06-23 17:50:55.303 [N/A] [] [main] DEBUG o.s.b.f.s.DefaultListableBeanFactory - Creating shared instance of singleton bean 'roleController'
2026-06-23 17:50:55.303 [N/A] [] [main] DEBUG o.s.b.f.s.DefaultListableBeanFactory - Creating shared instance of singleton bean 'roleService'
2026-06-23 17:50:55.303 [N/A] [] [main] DEBUG o.s.b.f.s.DefaultListableBeanFactory - Autowiring by type from bean name 'roleService' via constructor to bean named 'roleRepository'
2026-06-23 17:50:55.303 [N/A] [] [main] DEBUG o.s.b.f.s.DefaultListableBeanFactory - Autowiring by type from bean name 'roleService' via constructor to bean named 'organizationRepository'
2026-06-23 17:50:55.321 [N/A] [] [main] DEBUG o.s.b.f.s.DefaultListableBeanFactory - Autowiring by type from bean name 'roleController' via constructor to bean named 'roleService'
2026-06-23 17:50:55.321 [N/A] [] [main] DEBUG o.s.b.f.s.DefaultListableBeanFactory - Creating shared instance of singleton bean 'sprintController'
2026-06-23 17:50:55.321 [N/A] [] [main] DEBUG o.s.b.f.s.DefaultListableBeanFactory - Creating shared instance of singleton bean 'sprintService'
2026-06-23 17:50:55.343 [N/A] [] [main] DEBUG o.s.b.f.s.DefaultListableBeanFactory - Creating shared instance of singleton bean 'sprintWorkItemRepository'
2026-06-23 17:50:55.345 [N/A] [] [main] DEBUG o.s.b.f.s.DefaultListableBeanFactory - Creating shared instance of singleton bean 'jpa.named-queries#23'
2026-06-23 17:50:55.347 [N/A] [] [main] DEBUG o.s.b.f.s.DefaultListableBeanFactory - Creating shared instance of singleton bean 'jpa.SprintWorkItemRepository.fragments#0'
2026-06-23 17:50:55.349 [N/A] [] [main] DEBUG o.s.o.j.SharedEntityManagerCreator$SharedEntityManagerInvocationHandler - Creating new EntityManager for shared EntityManager invocation
2026-06-23 17:50:55.381 [N/A] [] [main] DEBUG o.s.d.r.c.s.RepositoryFactorySupport - Initializing repository instance for com.telusko.demo.sprint.repository.SprintWorkItemRepository…
2026-06-23 17:50:55.382 [N/A] [] [main] DEBUG o.s.o.j.SharedEntityManagerCreator$SharedEntityManagerInvocationHandler - Creating new EntityManager for shared EntityManager invocation
2026-06-23 17:50:55.385 [N/A] [] [main] DEBUG o.s.d.j.repository.query.NamedQuery - Looking up named query SprintWorkItem.findBySprintIdAndWorkItemIdAndRemovedAtIsNull
2026-06-23 17:50:55.385 [N/A] [] [main] DEBUG o.s.d.j.repository.query.NamedQuery - Did not find named query SprintWorkItem.findBySprintIdAndWorkItemIdAndRemovedAtIsNull
2026-06-23 17:50:55.386 [N/A] [] [main] DEBUG o.s.o.j.SharedEntityManagerCreator$SharedEntityManagerInvocationHandler - Creating new EntityManager for shared EntityManager invocation
2026-06-23 17:50:55.389 [N/A] [] [main] DEBUG o.s.d.j.repository.query.NamedQuery - Looking up named query SprintWorkItem.findBySprintIdAndRemovedAtIsNull
2026-06-23 17:50:55.389 [N/A] [] [main] DEBUG o.s.d.j.repository.query.NamedQuery - Did not find named query SprintWorkItem.findBySprintIdAndRemovedAtIsNull
2026-06-23 17:50:55.389 [N/A] [] [main] DEBUG o.s.o.j.SharedEntityManagerCreator$SharedEntityManagerInvocationHandler - Creating new EntityManager for shared EntityManager invocation
2026-06-23 17:50:55.389 [N/A] [] [main] DEBUG o.s.d.j.repository.query.NamedQuery - Did not find named query SprintWorkItem.findBySprintIdWithWorkItemDetails.count
2026-06-23 17:50:55.389 [N/A] [] [main] DEBUG o.s.o.j.SharedEntityManagerCreator$SharedEntityManagerInvocationHandler - Creating new EntityManager for shared EntityManager invocation
2026-06-23 17:50:55.444 [N/A] [] [main] DEBUG o.s.d.j.repository.query.NamedQuery - Did not find named query SprintWorkItem.findActiveByWorkItemId.count
2026-06-23 17:50:55.445 [N/A] [] [main] DEBUG o.s.o.j.SharedEntityManagerCreator$SharedEntityManagerInvocationHandler - Creating new EntityManager for shared EntityManager invocation
2026-06-23 17:50:55.500 [N/A] [] [main] DEBUG o.s.d.j.repository.query.NamedQuery - Did not find named query SprintWorkItem.getSprintOverview.count
2026-06-23 17:50:55.500 [N/A] [] [main] DEBUG o.s.o.j.SharedEntityManagerCreator$SharedEntityManagerInvocationHandler - Creating new EntityManager for shared EntityManager invocation
2026-06-23 17:50:55.716 [N/A] [] [main] DEBUG o.s.d.r.c.s.RepositoryFactorySupport - Finished creation of repository instance for com.telusko.demo.sprint.repository.SprintWorkItemRepository.
2026-06-23 17:50:55.716 [N/A] [] [main] DEBUG o.s.b.f.s.DefaultListableBeanFactory - Creating shared instance of singleton bean 'workItemRepository'
2026-06-23 17:50:55.729 [N/A] [] [main] DEBUG o.s.b.f.s.DefaultListableBeanFactory - Creating shared instance of singleton bean 'jpa.named-queries#1'
2026-06-23 17:50:55.729 [N/A] [] [main] DEBUG o.s.b.f.s.DefaultListableBeanFactory - Creating shared instance of singleton bean 'jpa.WorkItemRepository.fragments#0'
2026-06-23 17:50:55.729 [N/A] [] [main] DEBUG o.s.o.j.SharedEntityManagerCreator$SharedEntityManagerInvocationHandler - Creating new EntityManager for shared EntityManager invocation
2026-06-23 17:50:55.757 [N/A] [] [main] DEBUG o.s.d.r.c.s.RepositoryFactorySupport - Initializing repository instance for com.telusko.demo.workitem.repository.WorkItemRepository…
2026-06-23 17:50:55.760 [N/A] [] [main] DEBUG o.s.o.j.SharedEntityManagerCreator$SharedEntityManagerInvocationHandler - Creating new EntityManager for shared EntityManager invocation
2026-06-23 17:50:55.771 [N/A] [] [main] DEBUG o.s.d.j.repository.query.NamedQuery - Did not find named query WorkItem.findByProjectIdAndStatusCode.count
2026-06-23 17:50:55.772 [N/A] [] [main] DEBUG o.s.o.j.SharedEntityManagerCreator$SharedEntityManagerInvocationHandler - Creating new EntityManager for shared EntityManager invocation
2026-06-23 17:50:55.776 [N/A] [] [main] DEBUG o.s.d.j.repository.query.NamedQuery - Looking up named query WorkItem.findByAssigneeIdAndActiveTrue
2026-06-23 17:50:55.777 [N/A] [] [main] DEBUG o.s.d.j.repository.query.NamedQuery - Did not find named query WorkItem.findByAssigneeIdAndActiveTrue
2026-06-23 17:50:55.777 [N/A] [] [main] DEBUG o.s.o.j.SharedEntityManagerCreator$SharedEntityManagerInvocationHandler - Creating new EntityManager for shared EntityManager invocation
2026-06-23 17:50:55.779 [N/A] [] [main] DEBUG o.s.d.j.repository.query.NamedQuery - Looking up named query WorkItem.findByAssigneeIdAndActiveTrue
2026-06-23 17:50:55.780 [N/A] [] [main] DEBUG o.s.d.j.repository.query.NamedQuery - Did not find named query WorkItem.findByAssigneeIdAndActiveTrue
2026-06-23 17:50:55.780 [N/A] [] [main] DEBUG o.s.o.j.SharedEntityManagerCreator$SharedEntityManagerInvocationHandler - Creating new EntityManager for shared EntityManager invocation
2026-06-23 17:50:55.784 [N/A] [] [main] DEBUG o.s.d.j.repository.query.NamedQuery - Did not find named query WorkItem.findByProjectIdAndStatusCodeAndActiveTrue.count
2026-06-23 17:50:55.784 [N/A] [] [main] DEBUG o.s.o.j.SharedEntityManagerCreator$SharedEntityManagerInvocationHandler - Creating new EntityManager for shared EntityManager invocation
2026-06-23 17:50:55.788 [N/A] [] [main] DEBUG o.s.d.j.repository.query.NamedQuery - Did not find named query WorkItem.findByProjectIdAndActiveTrueAndSearch.count
2026-06-23 17:50:55.788 [N/A] [] [main] DEBUG o.s.o.j.SharedEntityManagerCreator$SharedEntityManagerInvocationHandler - Creating new EntityManager for shared EntityManager invocation
2026-06-23 17:50:55.800 [N/A] [] [main] DEBUG o.s.d.j.repository.query.NamedQuery - Did not find named query WorkItem.findByOwnerIdOrAssigneeIdAndActiveTrue.count
2026-06-23 17:50:55.800 [N/A] [] [main] DEBUG o.s.o.j.SharedEntityManagerCreator$SharedEntityManagerInvocationHandler - Creating new EntityManager for shared EntityManager invocation
2026-06-23 17:50:55.843 [N/A] [] [main] DEBUG o.s.d.j.repository.query.NamedQuery - Did not find named query WorkItem.findInProgressItemsInSprint.count
2026-06-23 17:50:55.843 [N/A] [] [main] DEBUG o.s.o.j.SharedEntityManagerCreator$SharedEntityManagerInvocationHandler - Creating new EntityManager for shared EntityManager invocation
2026-06-23 17:50:55.872 [N/A] [] [main] DEBUG o.s.d.j.repository.query.NamedQuery - Did not find named query WorkItem.countByProjectId.count
2026-06-23 17:50:55.872 [N/A] [] [main] DEBUG o.s.o.j.SharedEntityManagerCreator$SharedEntityManagerInvocationHandler - Creating new EntityManager for shared EntityManager invocation
2026-06-23 17:50:55.880 [N/A] [] [main] DEBUG o.s.d.j.repository.query.NamedQuery - Did not find named query WorkItem.findNonDoneItemsInSprint.count
2026-06-23 17:50:55.880 [N/A] [] [main] DEBUG o.s.o.j.SharedEntityManagerCreator$SharedEntityManagerInvocationHandler - Creating new EntityManager for shared EntityManager invocation
2026-06-23 17:50:55.899 [N/A] [] [main] DEBUG o.s.d.j.repository.query.NamedQuery - Looking up named query WorkItem.findByProjectIdAndActiveTrue
2026-06-23 17:50:55.899 [N/A] [] [main] DEBUG o.s.d.j.repository.query.NamedQuery - Did not find named query WorkItem.findByProjectIdAndActiveTrue
2026-06-23 17:50:55.899 [N/A] [] [main] DEBUG o.s.o.j.SharedEntityManagerCreator$SharedEntityManagerInvocationHandler - Creating new EntityManager for shared EntityManager invocation
2026-06-23 17:50:55.904 [N/A] [] [main] DEBUG o.s.d.j.repository.query.NamedQuery - Did not find named query WorkItem.findOpenItemsInSprint.count
2026-06-23 17:50:55.904 [N/A] [] [main] DEBUG o.s.o.j.SharedEntityManagerCreator$SharedEntityManagerInvocationHandler - Creating new EntityManager for shared EntityManager invocation
2026-06-23 17:50:55.912 [N/A] [] [main] DEBUG o.s.d.r.c.s.RepositoryFactorySupport - Finished creation of repository instance for com.telusko.demo.workitem.repository.WorkItemRepository.
2026-06-23 17:50:55.920 [N/A] [] [main] DEBUG o.s.b.f.s.DefaultListableBeanFactory - Creating shared instance of singleton bean 'workItemHistoryRepository'
2026-06-23 17:50:55.920 [N/A] [] [main] DEBUG o.s.b.f.s.DefaultListableBeanFactory - Creating shared instance of singleton bean 'jpa.named-queries#9'
2026-06-23 17:50:55.920 [N/A] [] [main] DEBUG o.s.b.f.s.DefaultListableBeanFactory - Creating shared instance of singleton bean 'jpa.WorkItemHistoryRepository.fragments#0'
2026-06-23 17:50:55.920 [N/A] [] [main] DEBUG o.s.o.j.SharedEntityManagerCreator$SharedEntityManagerInvocationHandler - Creating new EntityManager for shared EntityManager invocation
2026-06-23 17:50:55.920 [N/A] [] [main] DEBUG o.s.d.r.c.s.RepositoryFactorySupport - Initializing repository instance for com.telusko.demo.workitem.repository.WorkItemHistoryRepository…
2026-06-23 17:50:55.938 [N/A] [] [main] DEBUG o.s.o.j.SharedEntityManagerCreator$SharedEntityManagerInvocationHandler - Creating new EntityManager for shared EntityManager invocation
2026-06-23 17:50:55.938 [N/A] [] [main] DEBUG o.s.d.j.repository.query.NamedQuery - Looking up named query WorkItemHistory.findByWorkItemIdOrderByPerformedAtDesc
2026-06-23 17:50:55.938 [N/A] [] [main] DEBUG o.s.d.j.repository.query.NamedQuery - Did not find named query WorkItemHistory.findByWorkItemIdOrderByPerformedAtDesc
2026-06-23 17:50:55.938 [N/A] [] [main] DEBUG o.s.o.j.SharedEntityManagerCreator$SharedEntityManagerInvocationHandler - Creating new EntityManager for shared EntityManager invocation
2026-06-23 17:50:55.938 [N/A] [] [main] DEBUG o.s.d.r.c.s.RepositoryFactorySupport - Finished creation of repository instance for com.telusko.demo.workitem.repository.WorkItemHistoryRepository.
2026-06-23 17:50:55.938 [N/A] [] [main] DEBUG o.s.b.f.s.DefaultListableBeanFactory - Autowiring by type from bean name 'sprintService' via constructor to bean named 'sprintRepository'
2026-06-23 17:50:55.938 [N/A] [] [main] DEBUG o.s.b.f.s.DefaultListableBeanFactory - Autowiring by type from bean name 'sprintService' via constructor to bean named 'sprintWorkItemRepository'
2026-06-23 17:50:55.938 [N/A] [] [main] DEBUG o.s.b.f.s.DefaultListableBeanFactory - Autowiring by type from bean name 'sprintService' via constructor to bean named 'projectRepository'
2026-06-23 17:50:55.938 [N/A] [] [main] DEBUG o.s.b.f.s.DefaultListableBeanFactory - Autowiring by type from bean name 'sprintService' via constructor to bean named 'workItemRepository'
2026-06-23 17:50:55.938 [N/A] [] [main] DEBUG o.s.b.f.s.DefaultListableBeanFactory - Autowiring by type from bean name 'sprintService' via constructor to bean named 'workItemHistoryRepository'
2026-06-23 17:50:55.938 [N/A] [] [main] DEBUG o.s.b.f.s.DefaultListableBeanFactory - Autowiring by type from bean name 'sprintService' via constructor to bean named 'masterValueRepository'
2026-06-23 17:50:55.938 [N/A] [] [main] DEBUG o.s.b.f.s.DefaultListableBeanFactory - Autowiring by type from bean name 'sprintService' via constructor to bean named 'userRepository'
2026-06-23 17:50:55.938 [N/A] [] [main] DEBUG o.s.b.f.s.DefaultListableBeanFactory - Autowiring by type from bean name 'sprintService' via constructor to bean named 'permissionService'
2026-06-23 17:50:55.938 [N/A] [] [main] DEBUG o.s.b.f.s.DefaultListableBeanFactory - Autowiring by type from bean name 'sprintService' via constructor to bean named 'auditService'
2026-06-23 17:50:55.938 [N/A] [] [main] DEBUG o.s.b.f.s.DefaultListableBeanFactory - Autowiring by type from bean name 'sprintService' via constructor to bean named 'notificationService'
2026-06-23 17:50:55.938 [N/A] [] [main] DEBUG o.s.b.f.s.DefaultListableBeanFactory - Autowiring by type from bean name 'sprintService' via constructor to bean named 'projectMemberRepository'
2026-06-23 17:50:55.938 [N/A] [] [main] DEBUG o.s.b.f.s.DefaultListableBeanFactory - Autowiring by type from bean name 'sprintService' via constructor to bean named 'featureRepository'
2026-06-23 17:50:56.036 [N/A] [] [main] DEBUG o.s.b.f.s.DefaultListableBeanFactory - Autowiring by type from bean name 'sprintController' via constructor to bean named 'sprintService'
2026-06-23 17:50:56.036 [N/A] [] [main] DEBUG o.s.b.f.s.DefaultListableBeanFactory - Creating shared instance of singleton bean 'sprintExpiryNotifier'
2026-06-23 17:50:56.036 [N/A] [] [main] DEBUG o.s.b.f.s.DefaultListableBeanFactory - Autowiring by type from bean name 'sprintExpiryNotifier' via constructor to bean named 'sprintRepository'
2026-06-23 17:50:56.036 [N/A] [] [main] DEBUG o.s.b.f.s.DefaultListableBeanFactory - Autowiring by type from bean name 'sprintExpiryNotifier' via constructor to bean named 'projectMemberRepository'
2026-06-23 17:50:56.036 [N/A] [] [main] DEBUG o.s.b.f.s.DefaultListableBeanFactory - Autowiring by type from bean name 'sprintExpiryNotifier' via constructor to bean named 'notificationService'
2026-06-23 17:50:56.057 [N/A] [] [main] DEBUG o.s.b.f.s.DefaultListableBeanFactory - Creating shared instance of singleton bean 'sprintScheduler'
2026-06-23 17:50:56.057 [N/A] [] [main] DEBUG o.s.b.f.s.DefaultListableBeanFactory - Autowiring by type from bean name 'sprintScheduler' via constructor to bean named 'sprintRepository'
2026-06-23 17:50:56.057 [N/A] [] [main] DEBUG o.s.b.f.s.DefaultListableBeanFactory - Autowiring by type from bean name 'sprintScheduler' via constructor to bean named 'sprintService'
2026-06-23 17:50:56.057 [N/A] [] [main] DEBUG o.s.b.f.s.DefaultListableBeanFactory - Creating shared instance of singleton bean 'timesheetController'
2026-06-23 17:50:56.057 [N/A] [] [main] DEBUG o.s.b.f.s.DefaultListableBeanFactory - Creating shared instance of singleton bean 'timesheetService'
2026-06-23 17:50:56.072 [N/A] [] [main] DEBUG o.s.b.f.s.DefaultListableBeanFactory - Creating shared instance of singleton bean 'timesheetRepository'
2026-06-23 17:50:56.072 [N/A] [] [main] DEBUG o.s.b.f.s.DefaultListableBeanFactory - Creating shared instance of singleton bean 'jpa.named-queries#12'
2026-06-23 17:50:56.072 [N/A] [] [main] DEBUG o.s.b.f.s.DefaultListableBeanFactory - Creating shared instance of singleton bean 'jpa.TimesheetRepository.fragments#0'
2026-06-23 17:50:56.072 [N/A] [] [main] DEBUG o.s.o.j.SharedEntityManagerCreator$SharedEntityManagerInvocationHandler - Creating new EntityManager for shared EntityManager invocation
2026-06-23 17:50:56.088 [N/A] [] [main] DEBUG o.s.d.r.c.s.RepositoryFactorySupport - Initializing repository instance for com.telusko.demo.timesheet.repository.TimesheetRepository…
2026-06-23 17:50:56.088 [N/A] [] [main] DEBUG o.s.o.j.SharedEntityManagerCreator$SharedEntityManagerInvocationHandler - Creating new EntityManager for shared EntityManager invocation
2026-06-23 17:50:56.088 [N/A] [] [main] DEBUG o.s.d.j.repository.query.NamedQuery - Did not find named query Timesheet.findApprovedTimesheetsByDateRange.count
2026-06-23 17:50:56.088 [N/A] [] [main] DEBUG o.s.o.j.SharedEntityManagerCreator$SharedEntityManagerInvocationHandler - Creating new EntityManager for shared EntityManager invocation
2026-06-23 17:50:56.088 [N/A] [] [main] DEBUG o.s.d.j.repository.query.NamedQuery - Looking up named query Timesheet.findByUserIdAndWorkDateAndActiveTrue
2026-06-23 17:50:56.088 [N/A] [] [main] DEBUG o.s.d.j.repository.query.NamedQuery - Did not find named query Timesheet.findByUserIdAndWorkDateAndActiveTrue
2026-06-23 17:50:56.088 [N/A] [] [main] DEBUG o.s.o.j.SharedEntityManagerCreator$SharedEntityManagerInvocationHandler - Creating new EntityManager for shared EntityManager invocation
2026-06-23 17:50:56.142 [N/A] [] [main] DEBUG o.s.d.j.repository.query.NamedQuery - Did not find named query Timesheet.findTimesheetsByUserAndDateRange.count
2026-06-23 17:50:56.142 [N/A] [] [main] DEBUG o.s.o.j.SharedEntityManagerCreator$SharedEntityManagerInvocationHandler - Creating new EntityManager for shared EntityManager invocation
2026-06-23 17:50:56.154 [N/A] [] [main] DEBUG o.s.d.j.repository.query.NamedQuery - Did not find named query Timesheet.findPendingApprovalsByManager.count
2026-06-23 17:50:56.154 [N/A] [] [main] DEBUG o.s.o.j.SharedEntityManagerCreator$SharedEntityManagerInvocationHandler - Creating new EntityManager for shared EntityManager invocation
2026-06-23 17:50:56.318 [N/A] [] [main] DEBUG o.s.d.j.repository.query.NamedQuery - Did not find named query Timesheet.findUserTimesheetOverview.count
2026-06-23 17:50:56.318 [N/A] [] [main] DEBUG o.s.o.j.SharedEntityManagerCreator$SharedEntityManagerInvocationHandler - Creating new EntityManager for shared EntityManager invocation
2026-06-23 17:50:56.468 [N/A] [] [main] DEBUG o.s.d.j.repository.query.NamedQuery - Did not find named query Timesheet.findAllPendingApprovals.count
2026-06-23 17:50:56.468 [N/A] [] [main] DEBUG o.s.o.j.SharedEntityManagerCreator$SharedEntityManagerInvocationHandler - Creating new EntityManager for shared EntityManager invocation
2026-06-23 17:50:56.477 [N/A] [] [main] DEBUG o.s.d.j.repository.query.NamedQuery - Did not find named query Timesheet.findApprovedTimesheetsByUserAndDateRange.count
2026-06-23 17:50:56.477 [N/A] [] [main] DEBUG o.s.o.j.SharedEntityManagerCreator$SharedEntityManagerInvocationHandler - Creating new EntityManager for shared EntityManager invocation
2026-06-23 17:50:56.487 [N/A] [] [main] DEBUG o.s.d.r.c.s.RepositoryFactorySupport - Finished creation of repository instance for com.telusko.demo.timesheet.repository.TimesheetRepository.
2026-06-23 17:50:56.487 [N/A] [] [main] DEBUG o.s.b.f.s.DefaultListableBeanFactory - Creating shared instance of singleton bean 'timesheetEntryRepository'
2026-06-23 17:50:56.487 [N/A] [] [main] DEBUG o.s.b.f.s.DefaultListableBeanFactory - Creating shared instance of singleton bean 'jpa.named-queries#8'
2026-06-23 17:50:56.487 [N/A] [] [main] DEBUG o.s.b.f.s.DefaultListableBeanFactory - Creating shared instance of singleton bean 'jpa.TimesheetEntryRepository.fragments#0'
2026-06-23 17:50:56.487 [N/A] [] [main] DEBUG o.s.o.j.SharedEntityManagerCreator$SharedEntityManagerInvocationHandler - Creating new EntityManager for shared EntityManager invocation
2026-06-23 17:50:56.503 [N/A] [] [main] DEBUG o.s.d.r.c.s.RepositoryFactorySupport - Initializing repository instance for com.telusko.demo.timesheet.repository.TimesheetEntryRepository…
2026-06-23 17:50:56.503 [N/A] [] [main] DEBUG o.s.o.j.SharedEntityManagerCreator$SharedEntityManagerInvocationHandler - Creating new EntityManager for shared EntityManager invocation
2026-06-23 17:50:56.503 [N/A] [] [main] DEBUG o.s.d.j.repository.query.NamedQuery - Looking up named query TimesheetEntry.findByTimesheetIdOrderByStartTimeAsc
2026-06-23 17:50:56.503 [N/A] [] [main] DEBUG o.s.d.j.repository.query.NamedQuery - Did not find named query TimesheetEntry.findByTimesheetIdOrderByStartTimeAsc
2026-06-23 17:50:56.503 [N/A] [] [main] DEBUG o.s.o.j.SharedEntityManagerCreator$SharedEntityManagerInvocationHandler - Creating new EntityManager for shared EntityManager invocation
2026-06-23 17:50:56.536 [N/A] [] [main] DEBUG o.s.d.j.repository.query.NamedQuery - Did not find named query TimesheetEntry.findTimesheetEntriesReport.count
2026-06-23 17:50:56.536 [N/A] [] [main] DEBUG o.s.o.j.SharedEntityManagerCreator$SharedEntityManagerInvocationHandler - Creating new EntityManager for shared EntityManager invocation
2026-06-23 17:50:56.597 [N/A] [] [main] DEBUG o.s.d.r.c.s.RepositoryFactorySupport - Finished creation of repository instance for com.telusko.demo.timesheet.repository.TimesheetEntryRepository.
2026-06-23 17:50:56.597 [N/A] [] [main] DEBUG o.s.b.f.s.DefaultListableBeanFactory - Autowiring by type from bean name 'timesheetService' via constructor to bean named 'timesheetRepository'
2026-06-23 17:50:56.597 [N/A] [] [main] DEBUG o.s.b.f.s.DefaultListableBeanFactory - Autowiring by type from bean name 'timesheetService' via constructor to bean named 'timesheetEntryRepository'
2026-06-23 17:50:56.597 [N/A] [] [main] DEBUG o.s.b.f.s.DefaultListableBeanFactory - Autowiring by type from bean name 'timesheetService' via constructor to bean named 'userRepository'
2026-06-23 17:50:56.597 [N/A] [] [main] DEBUG o.s.b.f.s.DefaultListableBeanFactory - Autowiring by type from bean name 'timesheetService' via constructor to bean named 'masterValueRepository'
2026-06-23 17:50:56.597 [N/A] [] [main] DEBUG o.s.b.f.s.DefaultListableBeanFactory - Autowiring by type from bean name 'timesheetService' via constructor to bean named 'workItemRepository'
2026-06-23 17:50:56.613 [N/A] [] [main] DEBUG o.s.b.f.s.DefaultListableBeanFactory - Autowiring by type from bean name 'timesheetController' via constructor to bean named 'timesheetService'
2026-06-23 17:50:56.616 [N/A] [] [main] DEBUG o.s.b.f.s.DefaultListableBeanFactory - Creating shared instance of singleton bean 'userController'
2026-06-23 17:50:56.618 [N/A] [] [main] DEBUG o.s.b.f.s.DefaultListableBeanFactory - Creating shared instance of singleton bean 'userService'
2026-06-23 17:50:56.620 [N/A] [] [main] DEBUG o.s.b.f.s.DefaultListableBeanFactory - Autowiring by type from bean name 'userService' via constructor to bean named 'userRepository'
2026-06-23 17:50:56.620 [N/A] [] [main] DEBUG o.s.b.f.s.DefaultListableBeanFactory - Autowiring by type from bean name 'userService' via constructor to bean named 'userAuthRepository'
2026-06-23 17:50:56.620 [N/A] [] [main] DEBUG o.s.b.f.s.DefaultListableBeanFactory - Autowiring by type from bean name 'userService' via constructor to bean named 'roleRepository'
2026-06-23 17:50:56.620 [N/A] [] [main] DEBUG o.s.b.f.s.DefaultListableBeanFactory - Autowiring by type from bean name 'userService' via constructor to bean named 'organizationRepository'
2026-06-23 17:50:56.620 [N/A] [] [main] DEBUG o.s.b.f.s.DefaultListableBeanFactory - Autowiring by type from bean name 'userService' via constructor to bean named 'masterValueRepository'
2026-06-23 17:50:56.620 [N/A] [] [main] DEBUG o.s.b.f.s.DefaultListableBeanFactory - Autowiring by type from bean name 'userService' via constructor to bean named 'passwordEncoder'
2026-06-23 17:50:56.620 [N/A] [] [main] DEBUG o.s.b.f.s.DefaultListableBeanFactory - Autowiring by type from bean name 'userController' via constructor to bean named 'userService'
2026-06-23 17:50:56.661 [N/A] [] [main] DEBUG o.s.b.f.s.DefaultListableBeanFactory - Creating shared instance of singleton bean 'workItemController'
2026-06-23 17:50:56.664 [N/A] [] [main] DEBUG o.s.b.f.s.DefaultListableBeanFactory - Creating shared instance of singleton bean 'workItemService'
2026-06-23 17:50:56.667 [N/A] [] [main] DEBUG o.s.b.f.s.DefaultListableBeanFactory - Creating shared instance of singleton bean 'workItemCommentRepository'
2026-06-23 17:50:56.668 [N/A] [] [main] DEBUG o.s.b.f.s.DefaultListableBeanFactory - Creating shared instance of singleton bean 'jpa.named-queries#24'
2026-06-23 17:50:56.671 [N/A] [] [main] DEBUG o.s.b.f.s.DefaultListableBeanFactory - Creating shared instance of singleton bean 'jpa.WorkItemCommentRepository.fragments#0'
2026-06-23 17:50:56.671 [N/A] [] [main] DEBUG o.s.o.j.SharedEntityManagerCreator$SharedEntityManagerInvocationHandler - Creating new EntityManager for shared EntityManager invocation
2026-06-23 17:50:56.671 [N/A] [] [main] DEBUG o.s.d.r.c.s.RepositoryFactorySupport - Initializing repository instance for com.telusko.demo.workitem.repository.WorkItemCommentRepository…
2026-06-23 17:50:56.671 [N/A] [] [main] DEBUG o.s.o.j.SharedEntityManagerCreator$SharedEntityManagerInvocationHandler - Creating new EntityManager for shared EntityManager invocation
2026-06-23 17:50:56.671 [N/A] [] [main] DEBUG o.s.d.j.repository.query.NamedQuery - Looking up named query WorkItemComment.findByWorkItemIdAndActiveTrue
2026-06-23 17:50:56.671 [N/A] [] [main] DEBUG o.s.d.j.repository.query.NamedQuery - Did not find named query WorkItemComment.findByWorkItemIdAndActiveTrue
2026-06-23 17:50:56.671 [N/A] [] [main] DEBUG o.s.o.j.SharedEntityManagerCreator$SharedEntityManagerInvocationHandler - Creating new EntityManager for shared EntityManager invocation
2026-06-23 17:50:56.671 [N/A] [] [main] DEBUG o.s.d.j.repository.query.NamedQuery - Looking up named query WorkItemComment.findByWorkItemIdAndActiveTrueOrderByCommentedAtDesc
2026-06-23 17:50:56.684 [N/A] [] [main] DEBUG o.s.d.j.repository.query.NamedQuery - Did not find named query WorkItemComment.findByWorkItemIdAndActiveTrueOrderByCommentedAtDesc
2026-06-23 17:50:56.684 [N/A] [] [main] DEBUG o.s.o.j.SharedEntityManagerCreator$SharedEntityManagerInvocationHandler - Creating new EntityManager for shared EntityManager invocation
2026-06-23 17:50:56.684 [N/A] [] [main] DEBUG o.s.d.r.c.s.RepositoryFactorySupport - Finished creation of repository instance for com.telusko.demo.workitem.repository.WorkItemCommentRepository.
2026-06-23 17:50:56.697 [N/A] [] [main] DEBUG o.s.b.f.s.DefaultListableBeanFactory - Autowiring by type from bean name 'workItemService' via constructor to bean named 'workItemRepository'
2026-06-23 17:50:56.697 [N/A] [] [main] DEBUG o.s.b.f.s.DefaultListableBeanFactory - Autowiring by type from bean name 'workItemService' via constructor to bean named 'workItemCommentRepository'
2026-06-23 17:50:56.697 [N/A] [] [main] DEBUG o.s.b.f.s.DefaultListableBeanFactory - Autowiring by type from bean name 'workItemService' via constructor to bean named 'workItemHistoryRepository'
2026-06-23 17:50:56.697 [N/A] [] [main] DEBUG o.s.b.f.s.DefaultListableBeanFactory - Autowiring by type from bean name 'workItemService' via constructor to bean named 'projectRepository'
2026-06-23 17:50:56.697 [N/A] [] [main] DEBUG o.s.b.f.s.DefaultListableBeanFactory - Autowiring by type from bean name 'workItemService' via constructor to bean named 'userRepository'
2026-06-23 17:50:56.697 [N/A] [] [main] DEBUG o.s.b.f.s.DefaultListableBeanFactory - Autowiring by type from bean name 'workItemService' via constructor to bean named 'masterValueRepository'
2026-06-23 17:50:56.697 [N/A] [] [main] DEBUG o.s.b.f.s.DefaultListableBeanFactory - Autowiring by type from bean name 'workItemService' via constructor to bean named 'permissionService'
2026-06-23 17:50:56.697 [N/A] [] [main] DEBUG o.s.b.f.s.DefaultListableBeanFactory - Autowiring by type from bean name 'workItemService' via constructor to bean named 'auditService'
2026-06-23 17:50:56.697 [N/A] [] [main] DEBUG o.s.b.f.s.DefaultListableBeanFactory - Autowiring by type from bean name 'workItemService' via constructor to bean named 'notificationService'
2026-06-23 17:50:56.697 [N/A] [] [main] DEBUG o.s.b.f.s.DefaultListableBeanFactory - Autowiring by type from bean name 'workItemService' via constructor to bean named 'sprintWorkItemRepository'
2026-06-23 17:50:56.713 [N/A] [] [main] DEBUG o.s.b.f.s.DefaultListableBeanFactory - Autowiring by type from bean name 'workItemController' via constructor to bean named 'workItemService'
2026-06-23 17:50:56.713 [N/A] [] [main] DEBUG o.s.b.f.s.DefaultListableBeanFactory - Creating shared instance of singleton bean 'org.springframework.security.config.annotation.configuration.ObjectPostProcessorConfiguration'
2026-06-23 17:50:56.713 [N/A] [] [main] DEBUG o.s.b.f.s.DefaultListableBeanFactory - Creating shared instance of singleton bean 'objectPostProcessor'
2026-06-23 17:50:56.713 [N/A] [] [main] DEBUG o.s.b.f.s.DefaultListableBeanFactory - Autowiring by type from bean name 'objectPostProcessor' via factory method to bean named 'org.springframework.beans.factory.support.DefaultListableBeanFactory@25c53f74'
2026-06-23 17:50:56.713 [N/A] [] [main] DEBUG o.s.b.f.s.DefaultListableBeanFactory - Creating shared instance of singleton bean 'org.springframework.security.config.annotation.authentication.configuration.AuthenticationConfiguration'
2026-06-23 17:50:56.720 [N/A] [] [main] DEBUG o.s.b.f.s.DefaultListableBeanFactory - Creating shared instance of singleton bean 'enableGlobalAuthenticationAutowiredConfigurer'
2026-06-23 17:50:56.720 [N/A] [] [main] DEBUG o.s.b.f.s.DefaultListableBeanFactory - Autowiring by type from bean name 'enableGlobalAuthenticationAutowiredConfigurer' via factory method to bean named 'org.springframework.web.context.support.GenericWebApplicationContext@1f443fae'
2026-06-23 17:50:56.720 [N/A] [] [main] DEBUG o.s.b.f.s.DefaultListableBeanFactory - Creating shared instance of singleton bean 'initializeUserDetailsBeanManagerConfigurer'
2026-06-23 17:50:56.720 [N/A] [] [main] DEBUG o.s.b.f.s.DefaultListableBeanFactory - Autowiring by type from bean name 'initializeUserDetailsBeanManagerConfigurer' via factory method to bean named 'org.springframework.web.context.support.GenericWebApplicationContext@1f443fae'
2026-06-23 17:50:56.720 [N/A] [] [main] DEBUG o.s.b.f.s.DefaultListableBeanFactory - Creating shared instance of singleton bean 'initializeAuthenticationProviderBeanManagerConfigurer'
2026-06-23 17:50:56.720 [N/A] [] [main] DEBUG o.s.b.f.s.DefaultListableBeanFactory - Autowiring by type from bean name 'initializeAuthenticationProviderBeanManagerConfigurer' via factory method to bean named 'org.springframework.web.context.support.GenericWebApplicationContext@1f443fae'
2026-06-23 17:50:56.741 [N/A] [] [main] DEBUG o.s.b.f.s.DefaultListableBeanFactory - Creating shared instance of singleton bean 'authenticationManagerBuilder'
2026-06-23 17:50:56.741 [N/A] [] [main] DEBUG o.s.b.f.s.DefaultListableBeanFactory - Autowiring by type from bean name 'authenticationManagerBuilder' via factory method to bean named 'objectPostProcessor'
2026-06-23 17:50:56.741 [N/A] [] [main] DEBUG o.s.b.f.s.DefaultListableBeanFactory - Autowiring by type from bean name 'authenticationManagerBuilder' via factory method to bean named 'org.springframework.web.context.support.GenericWebApplicationContext@1f443fae'
2026-06-23 17:50:56.741 [N/A] [] [main] DEBUG o.s.b.f.s.DefaultListableBeanFactory - Creating shared instance of singleton bean 'authenticationEventPublisher'
2026-06-23 17:50:56.741 [N/A] [] [main] DEBUG o.s.b.f.s.DefaultListableBeanFactory - Creating shared instance of singleton bean 'org.springframework.boot.autoconfigure.security.servlet.SecurityAutoConfiguration'
2026-06-23 17:50:56.741 [N/A] [] [main] DEBUG o.s.b.f.s.DefaultListableBeanFactory - Autowiring by type from bean name 'authenticationEventPublisher' via factory method to bean named 'org.springframework.web.context.support.GenericWebApplicationContext@1f443fae'
2026-06-23 17:50:56.769 [N/A] [] [main] DEBUG o.s.b.f.s.DefaultListableBeanFactory - Creating shared instance of singleton bean 'org.springframework.security.config.annotation.web.configuration.WebSecurityConfiguration'
2026-06-23 17:50:56.782 [N/A] [] [main] DEBUG o.s.b.f.s.DefaultListableBeanFactory - Creating shared instance of singleton bean 'org.springframework.security.config.annotation.web.configuration.HttpSecurityConfiguration'
2026-06-23 17:50:56.788 [N/A] [] [main] DEBUG o.s.b.f.s.DefaultListableBeanFactory - Creating shared instance of singleton bean 'mvcContentNegotiationManager'
2026-06-23 17:50:56.788 [N/A] [] [main] DEBUG o.s.b.f.s.DefaultListableBeanFactory - Creating shared instance of singleton bean 'org.springframework.boot.autoconfigure.web.servlet.WebMvcAutoConfiguration$EnableWebMvcConfiguration'
2026-06-23 17:50:56.788 [N/A] [] [main] DEBUG o.s.b.f.s.DefaultListableBeanFactory - Creating shared instance of singleton bean 'spring.mvc-org.springframework.boot.autoconfigure.web.servlet.WebMvcProperties'
2026-06-23 17:50:56.804 [N/A] [] [main] DEBUG o.s.b.f.s.DefaultListableBeanFactory - Creating shared instance of singleton bean 'spring.web-org.springframework.boot.autoconfigure.web.WebProperties'
2026-06-23 17:50:56.817 [N/A] [] [main] DEBUG o.s.b.f.s.DefaultListableBeanFactory - Autowiring by type from bean name 'org.springframework.boot.autoconfigure.web.servlet.WebMvcAutoConfiguration$EnableWebMvcConfiguration' via constructor to bean named 'spring.mvc-org.springframework.boot.autoconfigure.web.servlet.WebMvcProperties'
2026-06-23 17:50:56.817 [N/A] [] [main] DEBUG o.s.b.f.s.DefaultListableBeanFactory - Autowiring by type from bean name 'org.springframework.boot.autoconfigure.web.servlet.WebMvcAutoConfiguration$EnableWebMvcConfiguration' via constructor to bean named 'spring.web-org.springframework.boot.autoconfigure.web.WebProperties'
2026-06-23 17:50:56.817 [N/A] [] [main] DEBUG o.s.b.f.s.DefaultListableBeanFactory - Autowiring by type from bean name 'org.springframework.boot.autoconfigure.web.servlet.WebMvcAutoConfiguration$EnableWebMvcConfiguration' via constructor to bean named 'org.springframework.beans.factory.support.DefaultListableBeanFactory@25c53f74'
2026-06-23 17:50:56.825 [N/A] [] [main] DEBUG o.s.b.f.s.DefaultListableBeanFactory - Creating shared instance of singleton bean 'org.springframework.security.config.annotation.web.configuration.WebMvcSecurityConfiguration'
2026-06-23 17:50:56.829 [N/A] [] [main] DEBUG o.s.b.f.s.DefaultListableBeanFactory - Creating shared instance of singleton bean 'org.springframework.boot.autoconfigure.web.servlet.WebMvcAutoConfiguration$WebMvcAutoConfigurationAdapter'
2026-06-23 17:50:56.829 [N/A] [] [main] DEBUG o.s.b.f.s.DefaultListableBeanFactory - Autowiring by type from bean name 'org.springframework.boot.autoconfigure.web.servlet.WebMvcAutoConfiguration$WebMvcAutoConfigurationAdapter' via constructor to bean named 'spring.web-org.springframework.boot.autoconfigure.web.WebProperties'
2026-06-23 17:50:56.829 [N/A] [] [main] DEBUG o.s.b.f.s.DefaultListableBeanFactory - Autowiring by type from bean name 'org.springframework.boot.autoconfigure.web.servlet.WebMvcAutoConfiguration$WebMvcAutoConfigurationAdapter' via constructor to bean named 'spring.mvc-org.springframework.boot.autoconfigure.web.servlet.WebMvcProperties'
2026-06-23 17:50:56.829 [N/A] [] [main] DEBUG o.s.b.f.s.DefaultListableBeanFactory - Autowiring by type from bean name 'org.springframework.boot.autoconfigure.web.servlet.WebMvcAutoConfiguration$WebMvcAutoConfigurationAdapter' via constructor to bean named 'org.springframework.beans.factory.support.DefaultListableBeanFactory@25c53f74'
2026-06-23 17:50:56.829 [N/A] [] [main] DEBUG o.s.b.f.s.DefaultListableBeanFactory - Creating shared instance of singleton bean 'org.springframework.data.web.config.SpringDataWebConfiguration'
2026-06-23 17:50:56.829 [N/A] [] [main] DEBUG o.s.b.f.s.DefaultListableBeanFactory - Autowiring by type from bean name 'org.springframework.data.web.config.SpringDataWebConfiguration' via constructor to bean named 'org.springframework.web.context.support.GenericWebApplicationContext@1f443fae'
2026-06-23 17:50:56.877 [N/A] [] [main] DEBUG o.s.s.c.a.a.c.AuthenticationConfiguration$DefaultPasswordEncoderAuthenticationManagerBuilder - No authenticationProviders and no parentAuthenticationManager defined. Returning null.
2026-06-23 17:50:56.887 [N/A] [] [main] DEBUG o.s.aop.framework.ProxyFactoryBean - Advice has changed; re-caching singleton instance
2026-06-23 17:50:57.053 [N/A] [] [main] DEBUG o.s.b.f.s.DefaultListableBeanFactory - Creating shared instance of singleton bean 'mvcHandlerMappingIntrospectorRequestTransformer'
2026-06-23 17:50:57.053 [N/A] [] [main] DEBUG o.s.b.f.s.DefaultListableBeanFactory - Creating shared instance of singleton bean 'mvcHandlerMappingIntrospector'
2026-06-23 17:50:57.071 [N/A] [] [main] DEBUG o.s.b.f.s.DefaultListableBeanFactory - Creating shared instance of singleton bean 'welcomePageHandlerMapping'
2026-06-23 17:50:57.071 [N/A] [] [main] DEBUG o.s.b.f.s.DefaultListableBeanFactory - Creating shared instance of singleton bean 'mvcConversionService'
2026-06-23 17:50:57.087 [N/A] [] [main] DEBUG o.s.b.f.s.DefaultListableBeanFactory - Creating shared instance of singleton bean 'mvcResourceUrlProvider'
2026-06-23 17:50:57.087 [N/A] [] [main] DEBUG o.s.b.f.s.DefaultListableBeanFactory - Autowiring by type from bean name 'welcomePageHandlerMapping' via factory method to bean named 'org.springframework.web.context.support.GenericWebApplicationContext@1f443fae'
2026-06-23 17:50:57.087 [N/A] [] [main] DEBUG o.s.b.f.s.DefaultListableBeanFactory - Autowiring by type from bean name 'welcomePageHandlerMapping' via factory method to bean named 'mvcConversionService'
2026-06-23 17:50:57.087 [N/A] [] [main] DEBUG o.s.b.f.s.DefaultListableBeanFactory - Autowiring by type from bean name 'welcomePageHandlerMapping' via factory method to bean named 'mvcResourceUrlProvider'
2026-06-23 17:50:57.120 [N/A] [] [main] DEBUG o.s.b.f.s.DefaultListableBeanFactory - Creating shared instance of singleton bean 'welcomePageNotAcceptableHandlerMapping'
2026-06-23 17:50:57.120 [N/A] [] [main] DEBUG o.s.b.f.s.DefaultListableBeanFactory - Autowiring by type from bean name 'welcomePageNotAcceptableHandlerMapping' via factory method to bean named 'org.springframework.web.context.support.GenericWebApplicationContext@1f443fae'
2026-06-23 17:50:57.120 [N/A] [] [main] DEBUG o.s.b.f.s.DefaultListableBeanFactory - Autowiring by type from bean name 'welcomePageNotAcceptableHandlerMapping' via factory method to bean named 'mvcConversionService'
2026-06-23 17:50:57.120 [N/A] [] [main] DEBUG o.s.b.f.s.DefaultListableBeanFactory - Autowiring by type from bean name 'welcomePageNotAcceptableHandlerMapping' via factory method to bean named 'mvcResourceUrlProvider'
2026-06-23 17:50:57.139 [N/A] [] [main] DEBUG o.s.b.f.s.DefaultListableBeanFactory - Creating shared instance of singleton bean 'requestMappingHandlerMapping'
2026-06-23 17:50:57.139 [N/A] [] [main] DEBUG o.s.b.f.s.DefaultListableBeanFactory - Autowiring by type from bean name 'requestMappingHandlerMapping' via factory method to bean named 'mvcContentNegotiationManager'
2026-06-23 17:50:57.139 [N/A] [] [main] DEBUG o.s.b.f.s.DefaultListableBeanFactory - Autowiring by type from bean name 'requestMappingHandlerMapping' via factory method to bean named 'mvcConversionService'
2026-06-23 17:50:57.139 [N/A] [] [main] DEBUG o.s.b.f.s.DefaultListableBeanFactory - Autowiring by type from bean name 'requestMappingHandlerMapping' via factory method to bean named 'mvcResourceUrlProvider'
2026-06-23 17:50:57.323 [N/A] [] [main] DEBUG o.s.w.s.m.m.a.RequestMappingHandlerMapping - 88 mappings in 'requestMappingHandlerMapping'
2026-06-23 17:50:57.339 [N/A] [] [main] DEBUG o.s.b.f.s.DefaultListableBeanFactory - Creating shared instance of singleton bean 'viewControllerHandlerMapping'
2026-06-23 17:50:57.339 [N/A] [] [main] DEBUG o.s.b.f.s.DefaultListableBeanFactory - Autowiring by type from bean name 'viewControllerHandlerMapping' via factory method to bean named 'mvcConversionService'
2026-06-23 17:50:57.339 [N/A] [] [main] DEBUG o.s.b.f.s.DefaultListableBeanFactory - Autowiring by type from bean name 'viewControllerHandlerMapping' via factory method to bean named 'mvcResourceUrlProvider'
2026-06-23 17:50:57.339 [N/A] [] [main] DEBUG o.s.b.f.s.DefaultListableBeanFactory - Creating shared instance of singleton bean 'beanNameHandlerMapping'
2026-06-23 17:50:57.339 [N/A] [] [main] DEBUG o.s.b.f.s.DefaultListableBeanFactory - Autowiring by type from bean name 'beanNameHandlerMapping' via factory method to bean named 'mvcConversionService'
2026-06-23 17:50:57.339 [N/A] [] [main] DEBUG o.s.b.f.s.DefaultListableBeanFactory - Autowiring by type from bean name 'beanNameHandlerMapping' via factory method to bean named 'mvcResourceUrlProvider'
2026-06-23 17:50:57.355 [N/A] [] [main] DEBUG o.s.b.f.s.DefaultListableBeanFactory - Creating shared instance of singleton bean 'routerFunctionMapping'
2026-06-23 17:50:57.355 [N/A] [] [main] DEBUG o.s.b.f.s.DefaultListableBeanFactory - Autowiring by type from bean name 'routerFunctionMapping' via factory method to bean named 'mvcConversionService'
2026-06-23 17:50:57.355 [N/A] [] [main] DEBUG o.s.b.f.s.DefaultListableBeanFactory - Autowiring by type from bean name 'routerFunctionMapping' via factory method to bean named 'mvcResourceUrlProvider'
2026-06-23 17:50:57.355 [N/A] [] [main] DEBUG o.s.b.f.s.DefaultListableBeanFactory - Creating shared instance of singleton bean 'messageConverters'
2026-06-23 17:50:57.355 [N/A] [] [main] DEBUG o.s.b.f.s.DefaultListableBeanFactory - Creating shared instance of singleton bean 'org.springframework.boot.autoconfigure.http.HttpMessageConvertersAutoConfiguration'
2026-06-23 17:50:57.355 [N/A] [] [main] DEBUG o.s.b.f.s.DefaultListableBeanFactory - Creating shared instance of singleton bean 'stringHttpMessageConverter'
2026-06-23 17:50:57.355 [N/A] [] [main] DEBUG o.s.b.f.s.DefaultListableBeanFactory - Creating shared instance of singleton bean 'org.springframework.boot.autoconfigure.http.HttpMessageConvertersAutoConfiguration$StringHttpMessageConverterConfiguration'
2026-06-23 17:50:57.373 [N/A] [] [main] DEBUG o.s.b.f.s.DefaultListableBeanFactory - Autowiring by type from bean name 'stringHttpMessageConverter' via factory method to bean named 'environment'
2026-06-23 17:50:57.409 [N/A] [] [main] DEBUG o.s.b.f.s.DefaultListableBeanFactory - Creating shared instance of singleton bean 'mappingJackson2HttpMessageConverter'
2026-06-23 17:50:57.409 [N/A] [] [main] DEBUG o.s.b.f.s.DefaultListableBeanFactory - Creating shared instance of singleton bean 'org.springframework.boot.autoconfigure.http.JacksonHttpMessageConvertersConfiguration$MappingJackson2HttpMessageConverterConfiguration'
2026-06-23 17:50:57.409 [N/A] [] [main] DEBUG o.s.b.f.s.DefaultListableBeanFactory - Creating shared instance of singleton bean 'jacksonObjectMapper'
2026-06-23 17:50:57.409 [N/A] [] [main] DEBUG o.s.b.f.s.DefaultListableBeanFactory - Creating shared instance of singleton bean 'org.springframework.boot.autoconfigure.jackson.JacksonAutoConfiguration$JacksonObjectMapperConfiguration'
2026-06-23 17:50:57.409 [N/A] [] [main] DEBUG o.s.b.f.s.DefaultListableBeanFactory - Creating shared instance of singleton bean 'org.springframework.boot.autoconfigure.jackson.JacksonAutoConfiguration$JacksonObjectMapperBuilderConfiguration'
2026-06-23 17:50:57.425 [N/A] [] [main] DEBUG o.s.b.f.s.DefaultListableBeanFactory - Creating shared instance of singleton bean 'standardJacksonObjectMapperBuilderCustomizer'
2026-06-23 17:50:57.425 [N/A] [] [main] DEBUG o.s.b.f.s.DefaultListableBeanFactory - Creating shared instance of singleton bean 'org.springframework.boot.autoconfigure.jackson.JacksonAutoConfiguration$Jackson2ObjectMapperBuilderCustomizerConfiguration'
2026-06-23 17:50:57.425 [N/A] [] [main] DEBUG o.s.b.f.s.DefaultListableBeanFactory - Creating shared instance of singleton bean 'spring.jackson-org.springframework.boot.autoconfigure.jackson.JacksonProperties'
2026-06-23 17:50:57.471 [N/A] [] [main] DEBUG o.s.b.f.s.DefaultListableBeanFactory - Autowiring by type from bean name 'standardJacksonObjectMapperBuilderCustomizer' via factory method to bean named 'spring.jackson-org.springframework.boot.autoconfigure.jackson.JacksonProperties'
2026-06-23 17:50:57.471 [N/A] [] [main] DEBUG o.s.b.f.s.DefaultListableBeanFactory - Creating shared instance of singleton bean 'parameterNamesModule'
2026-06-23 17:50:57.471 [N/A] [] [main] DEBUG o.s.b.f.s.DefaultListableBeanFactory - Creating shared instance of singleton bean 'org.springframework.boot.autoconfigure.jackson.JacksonAutoConfiguration$ParameterNamesModuleConfiguration'
2026-06-23 17:50:57.471 [N/A] [] [main] DEBUG o.s.b.f.s.DefaultListableBeanFactory - Creating shared instance of singleton bean 'jsonMixinModule'
2026-06-23 17:50:57.471 [N/A] [] [main] DEBUG o.s.b.f.s.DefaultListableBeanFactory - Creating shared instance of singleton bean 'org.springframework.boot.autoconfigure.jackson.JacksonAutoConfiguration$JacksonMixinConfiguration'
2026-06-23 17:50:57.489 [N/A] [] [main] DEBUG o.s.b.f.s.DefaultListableBeanFactory - Creating shared instance of singleton bean 'jsonMixinModuleEntries'
2026-06-23 17:50:57.489 [N/A] [] [main] DEBUG o.s.b.f.s.DefaultListableBeanFactory - Autowiring by type from bean name 'jsonMixinModuleEntries' via factory method to bean named 'org.springframework.web.context.support.GenericWebApplicationContext@1f443fae'
2026-06-23 17:50:57.514 [N/A] [] [main] DEBUG o.s.b.f.s.DefaultListableBeanFactory - Autowiring by type from bean name 'jsonMixinModule' via factory method to bean named 'org.springframework.web.context.support.GenericWebApplicationContext@1f443fae'
2026-06-23 17:50:57.514 [N/A] [] [main] DEBUG o.s.b.f.s.DefaultListableBeanFactory - Autowiring by type from bean name 'jsonMixinModule' via factory method to bean named 'jsonMixinModuleEntries'
2026-06-23 17:50:57.517 [N/A] [] [main] DEBUG o.s.b.f.s.DefaultListableBeanFactory - Creating shared instance of singleton bean 'jsonComponentModule'
2026-06-23 17:50:57.518 [N/A] [] [main] DEBUG o.s.b.f.s.DefaultListableBeanFactory - Creating shared instance of singleton bean 'org.springframework.boot.autoconfigure.jackson.JacksonAutoConfiguration'
2026-06-23 17:50:57.522 [N/A] [] [main] DEBUG o.s.b.f.s.DefaultListableBeanFactory - Creating shared instance of singleton bean 'jacksonGeoModule'
2026-06-23 17:50:57.522 [N/A] [] [main] DEBUG o.s.b.f.s.DefaultListableBeanFactory - Creating shared instance of singleton bean 'org.springframework.data.web.config.SpringDataJacksonConfiguration'
2026-06-23 17:50:57.522 [N/A] [] [main] DEBUG o.s.b.f.s.DefaultListableBeanFactory - Creating shared instance of singleton bean 'org.springframework.data.web.config.SpringDataWebSettings'
2026-06-23 17:50:57.522 [N/A] [] [main] DEBUG o.s.b.f.s.DefaultListableBeanFactory - Creating shared instance of singleton bean 'pageModule'
2026-06-23 17:50:57.538 [N/A] [] [main] DEBUG o.s.b.f.s.DefaultListableBeanFactory - Autowiring by type from bean name 'jacksonObjectMapperBuilder' via factory method to bean named 'org.springframework.web.context.support.GenericWebApplicationContext@1f443fae'
2026-06-23 17:50:57.538 [N/A] [] [main] DEBUG o.s.b.f.s.DefaultListableBeanFactory - Autowiring by type from bean name 'jacksonObjectMapperBuilder' via factory method to bean named 'standardJacksonObjectMapperBuilderCustomizer'
2026-06-23 17:50:57.538 [N/A] [] [main] DEBUG o.s.b.f.s.DefaultListableBeanFactory - Autowiring by type from bean name 'jacksonObjectMapper' via factory method to bean named 'jacksonObjectMapperBuilder'
2026-06-23 17:50:57.592 [N/A] [] [main] DEBUG o.s.b.f.s.DefaultListableBeanFactory - Autowiring by type from bean name 'mappingJackson2HttpMessageConverter' via factory method to bean named 'jacksonObjectMapper'
2026-06-23 17:50:57.688 [N/A] [] [main] DEBUG o.s.b.f.s.DefaultListableBeanFactory - Creating shared instance of singleton bean 'resourceHandlerMapping'
2026-06-23 17:50:57.691 [N/A] [] [main] DEBUG o.s.b.f.s.DefaultListableBeanFactory - Autowiring by type from bean name 'resourceHandlerMapping' via factory method to bean named 'mvcContentNegotiationManager'
2026-06-23 17:50:57.691 [N/A] [] [main] DEBUG o.s.b.f.s.DefaultListableBeanFactory - Autowiring by type from bean name 'resourceHandlerMapping' via factory method to bean named 'mvcConversionService'
2026-06-23 17:50:57.691 [N/A] [] [main] DEBUG o.s.b.f.s.DefaultListableBeanFactory - Autowiring by type from bean name 'resourceHandlerMapping' via factory method to bean named 'mvcResourceUrlProvider'
2026-06-23 17:50:57.715 [N/A] [] [main] DEBUG o.s.w.s.h.SimpleUrlHandlerMapping - Patterns [/webjars/**, /**] in 'resourceHandlerMapping'
2026-06-23 17:50:57.724 [N/A] [] [main] DEBUG o.s.b.f.s.DefaultListableBeanFactory - Creating shared instance of singleton bean 'defaultServletHandlerMapping'
2026-06-23 17:50:57.727 [N/A] [] [main] DEBUG o.s.b.f.s.DefaultListableBeanFactory - Creating shared instance of singleton bean 'filterChain'
2026-06-23 17:50:57.727 [N/A] [] [main] DEBUG o.s.b.f.s.DefaultListableBeanFactory - Autowiring by type from bean name 'filterChain' via factory method to bean named 'org.springframework.security.config.annotation.web.configuration.HttpSecurityConfiguration.httpSecurity'
2026-06-23 17:50:57.727 [N/A] [] [main] DEBUG o.s.b.f.s.DefaultListableBeanFactory - Creating shared instance of singleton bean 'corsConfigurationSource'
2026-06-23 17:50:57.820 [N/A] [] [main] DEBUG o.s.s.web.DefaultSecurityFilterChain - Will secure any request with filters: DisableEncodeUrlFilter, WebAsyncManagerIntegrationFilter, SecurityContextHolderFilter, HeaderWriterFilter, CorsFilter, LogoutFilter, JwtAuthenticationFilter, RequestCacheAwareFilter, SecurityContextHolderAwareRequestFilter, AnonymousAuthenticationFilter, SessionManagementFilter, ExceptionTranslationFilter, AuthorizationFilter
2026-06-23 17:50:57.824 [N/A] [] [main] DEBUG o.s.b.f.s.DefaultListableBeanFactory - Creating shared instance of singleton bean 'delegatingApplicationListener'
2026-06-23 17:50:57.824 [N/A] [] [main] DEBUG o.s.b.f.s.DefaultListableBeanFactory - Creating shared instance of singleton bean 'springSecurityFilterChain'
2026-06-23 17:50:57.836 [N/A] [] [main] DEBUG o.s.b.f.s.DefaultListableBeanFactory - Creating shared instance of singleton bean 'webSecurityExpressionHandler'
2026-06-23 17:50:57.836 [N/A] [] [main] DEBUG o.s.b.f.s.DefaultListableBeanFactory - Creating shared instance of singleton bean 'privilegeEvaluator'
2026-06-23 17:50:57.852 [N/A] [] [main] DEBUG o.s.b.f.s.DefaultListableBeanFactory - Creating shared instance of singleton bean 'requestDataValueProcessor'
2026-06-23 17:50:57.852 [N/A] [] [main] DEBUG o.s.b.f.s.DefaultListableBeanFactory - Creating shared instance of singleton bean '_prePostMethodSecurityConfiguration'
2026-06-23 17:50:57.872 [N/A] [] [main] DEBUG o.s.b.f.s.DefaultListableBeanFactory - Creating shared instance of singleton bean 'org.springframework.security.config.annotation.method.configuration.AuthorizationProxyConfiguration'
2026-06-23 17:50:57.872 [N/A] [] [main] DEBUG o.s.b.f.s.DefaultListableBeanFactory - Creating shared instance of singleton bean 'authenticationManager'
2026-06-23 17:50:57.873 [N/A] [] [main] DEBUG o.s.b.f.s.DefaultListableBeanFactory - Autowiring by type from bean name 'authenticationManager' via factory method to bean named 'org.springframework.security.config.annotation.authentication.configuration.AuthenticationConfiguration'
2026-06-23 17:50:57.880 [N/A] [] [main] DEBUG o.s.b.f.s.DefaultListableBeanFactory - Creating shared instance of singleton bean 'org.springframework.boot.autoconfigure.context.PropertyPlaceholderAutoConfiguration'
2026-06-23 17:50:57.881 [N/A] [] [main] DEBUG o.s.b.f.s.DefaultListableBeanFactory - Creating shared instance of singleton bean 'org.springframework.boot.autoconfigure.ssl.SslAutoConfiguration'
2026-06-23 17:50:57.882 [N/A] [] [main] DEBUG o.s.b.f.s.DefaultListableBeanFactory - Creating shared instance of singleton bean 'spring.ssl-org.springframework.boot.autoconfigure.ssl.SslProperties'
2026-06-23 17:50:57.886 [N/A] [] [main] DEBUG o.s.b.f.s.DefaultListableBeanFactory - Autowiring by type from bean name 'org.springframework.boot.autoconfigure.ssl.SslAutoConfiguration' via constructor to bean named 'spring.ssl-org.springframework.boot.autoconfigure.ssl.SslProperties'
2026-06-23 17:50:57.887 [N/A] [] [main] DEBUG o.s.b.f.s.DefaultListableBeanFactory - Creating shared instance of singleton bean 'fileWatcher'
2026-06-23 17:50:57.892 [N/A] [] [main] DEBUG o.s.b.f.s.DefaultListableBeanFactory - Creating shared instance of singleton bean 'sslPropertiesSslBundleRegistrar'
2026-06-23 17:50:57.893 [N/A] [] [main] DEBUG o.s.b.f.s.DefaultListableBeanFactory - Autowiring by type from bean name 'sslPropertiesSslBundleRegistrar' via factory method to bean named 'fileWatcher'
2026-06-23 17:50:57.897 [N/A] [] [main] DEBUG o.s.b.f.s.DefaultListableBeanFactory - Creating shared instance of singleton bean 'sslBundleRegistry'
2026-06-23 17:50:57.904 [N/A] [] [main] DEBUG o.s.b.f.s.DefaultListableBeanFactory - Creating shared instance of singleton bean 'org.springframework.boot.autoconfigure.websocket.servlet.WebSocketServletAutoConfiguration$TomcatWebSocketConfiguration'
2026-06-23 17:50:57.904 [N/A] [] [main] DEBUG o.s.b.f.s.DefaultListableBeanFactory - Creating shared instance of singleton bean 'websocketServletWebServerCustomizer'
2026-06-23 17:50:57.904 [N/A] [] [main] DEBUG o.s.b.f.s.DefaultListableBeanFactory - Creating shared instance of singleton bean 'org.springframework.boot.autoconfigure.websocket.servlet.WebSocketServletAutoConfiguration'
2026-06-23 17:50:57.904 [N/A] [] [main] DEBUG o.s.b.f.s.DefaultListableBeanFactory - Creating shared instance of singleton bean 'org.springframework.boot.autoconfigure.web.servlet.ServletWebServerFactoryConfiguration$EmbeddedTomcat'
2026-06-23 17:50:57.904 [N/A] [] [main] DEBUG o.s.b.f.s.DefaultListableBeanFactory - Creating shared instance of singleton bean 'tomcatServletWebServerFactory'
2026-06-23 17:50:57.974 [N/A] [] [main] DEBUG o.s.b.f.s.DefaultListableBeanFactory - Creating shared instance of singleton bean 'servletWebServerFactoryCustomizer'
2026-06-23 17:50:57.974 [N/A] [] [main] DEBUG o.s.b.f.s.DefaultListableBeanFactory - Creating shared instance of singleton bean 'org.springframework.boot.autoconfigure.web.servlet.ServletWebServerFactoryAutoConfiguration'
2026-06-23 17:50:57.988 [N/A] [] [main] DEBUG o.s.b.f.s.DefaultListableBeanFactory - Creating shared instance of singleton bean 'server-org.springframework.boot.autoconfigure.web.ServerProperties'
2026-06-23 17:50:58.041 [N/A] [] [main] DEBUG o.s.b.f.s.DefaultListableBeanFactory - Autowiring by type from bean name 'servletWebServerFactoryCustomizer' via factory method to bean named 'server-org.springframework.boot.autoconfigure.web.ServerProperties'
2026-06-23 17:50:58.041 [N/A] [] [main] DEBUG o.s.b.f.s.DefaultListableBeanFactory - Creating shared instance of singleton bean 'tomcatServletWebServerFactoryCustomizer'
2026-06-23 17:50:58.041 [N/A] [] [main] DEBUG o.s.b.f.s.DefaultListableBeanFactory - Autowiring by type from bean name 'tomcatServletWebServerFactoryCustomizer' via factory method to bean named 'server-org.springframework.boot.autoconfigure.web.ServerProperties'
2026-06-23 17:50:58.041 [N/A] [] [main] DEBUG o.s.b.f.s.DefaultListableBeanFactory - Creating shared instance of singleton bean 'localeCharsetMappingsCustomizer'
2026-06-23 17:50:58.041 [N/A] [] [main] DEBUG o.s.b.f.s.DefaultListableBeanFactory - Creating shared instance of singleton bean 'org.springframework.boot.autoconfigure.web.servlet.HttpEncodingAutoConfiguration'
2026-06-23 17:50:58.041 [N/A] [] [main] DEBUG o.s.b.f.s.DefaultListableBeanFactory - Autowiring by type from bean name 'org.springframework.boot.autoconfigure.web.servlet.HttpEncodingAutoConfiguration' via constructor to bean named 'server-org.springframework.boot.autoconfigure.web.ServerProperties'
2026-06-23 17:50:58.072 [N/A] [] [main] DEBUG o.s.b.f.s.DefaultListableBeanFactory - Creating shared instance of singleton bean 'errorPageCustomizer'
2026-06-23 17:50:58.072 [N/A] [] [main] DEBUG o.s.b.f.s.DefaultListableBeanFactory - Creating shared instance of singleton bean 'org.springframework.boot.autoconfigure.web.servlet.error.ErrorMvcAutoConfiguration'
2026-06-23 17:50:58.072 [N/A] [] [main] DEBUG o.s.b.f.s.DefaultListableBeanFactory - Autowiring by type from bean name 'org.springframework.boot.autoconfigure.web.servlet.error.ErrorMvcAutoConfiguration' via constructor to bean named 'server-org.springframework.boot.autoconfigure.web.ServerProperties'
2026-06-23 17:50:58.072 [N/A] [] [main] DEBUG o.s.b.f.s.DefaultListableBeanFactory - Creating shared instance of singleton bean 'dispatcherServletRegistration'
2026-06-23 17:50:58.072 [N/A] [] [main] DEBUG o.s.b.f.s.DefaultListableBeanFactory - Creating shared instance of singleton bean 'org.springframework.boot.autoconfigure.web.servlet.DispatcherServletAutoConfiguration$DispatcherServletRegistrationConfiguration'
2026-06-23 17:50:58.072 [N/A] [] [main] DEBUG o.s.b.f.s.DefaultListableBeanFactory - Creating shared instance of singleton bean 'dispatcherServlet'
2026-06-23 17:50:58.072 [N/A] [] [main] DEBUG o.s.b.f.s.DefaultListableBeanFactory - Creating shared instance of singleton bean 'org.springframework.boot.autoconfigure.web.servlet.DispatcherServletAutoConfiguration$DispatcherServletConfiguration'
2026-06-23 17:50:58.072 [N/A] [] [main] DEBUG o.s.b.f.s.DefaultListableBeanFactory - Autowiring by type from bean name 'dispatcherServlet' via factory method to bean named 'spring.mvc-org.springframework.boot.autoconfigure.web.servlet.WebMvcProperties'
2026-06-23 17:50:58.128 [N/A] [] [main] DEBUG o.s.b.f.s.DefaultListableBeanFactory - Autowiring by type from bean name 'dispatcherServletRegistration' via factory method to bean named 'dispatcherServlet'
2026-06-23 17:50:58.128 [N/A] [] [main] DEBUG o.s.b.f.s.DefaultListableBeanFactory - Autowiring by type from bean name 'dispatcherServletRegistration' via factory method to bean named 'spring.mvc-org.springframework.boot.autoconfigure.web.servlet.WebMvcProperties'
2026-06-23 17:50:58.133 [N/A] [] [main] DEBUG o.s.b.f.s.DefaultListableBeanFactory - Creating shared instance of singleton bean 'multipartConfigElement'
2026-06-23 17:50:58.133 [N/A] [] [main] DEBUG o.s.b.f.s.DefaultListableBeanFactory - Creating shared instance of singleton bean 'org.springframework.boot.autoconfigure.web.servlet.MultipartAutoConfiguration'
2026-06-23 17:50:58.134 [N/A] [] [main] DEBUG o.s.b.f.s.DefaultListableBeanFactory - Creating shared instance of singleton bean 'spring.servlet.multipart-org.springframework.boot.autoconfigure.web.servlet.MultipartProperties'
2026-06-23 17:50:58.142 [N/A] [] [main] DEBUG o.s.b.f.s.DefaultListableBeanFactory - Autowiring by type from bean name 'org.springframework.boot.autoconfigure.web.servlet.MultipartAutoConfiguration' via constructor to bean named 'spring.servlet.multipart-org.springframework.boot.autoconfigure.web.servlet.MultipartProperties'
2026-06-23 17:50:58.152 [N/A] [] [main] DEBUG o.s.b.f.s.DefaultListableBeanFactory - Autowiring by type from bean name 'errorPageCustomizer' via factory method to bean named 'dispatcherServletRegistration'
2026-06-23 17:50:58.168 [N/A] [] [main] DEBUG o.s.b.f.s.DefaultListableBeanFactory - Creating shared instance of singleton bean 'org.springframework.boot.autoconfigure.web.servlet.DispatcherServletAutoConfiguration'
2026-06-23 17:50:58.168 [N/A] [] [main] DEBUG o.s.b.f.s.DefaultListableBeanFactory - Creating shared instance of singleton bean 'org.springframework.boot.autoconfigure.task.TaskExecutorConfigurations$ThreadPoolTaskExecutorBuilderConfiguration'
2026-06-23 17:50:58.168 [N/A] [] [main] DEBUG o.s.b.f.s.DefaultListableBeanFactory - Creating shared instance of singleton bean 'threadPoolTaskExecutorBuilder'
2026-06-23 17:50:58.168 [N/A] [] [main] DEBUG o.s.b.f.s.DefaultListableBeanFactory - Creating shared instance of singleton bean 'spring.task.execution-org.springframework.boot.autoconfigure.task.TaskExecutionProperties'
2026-06-23 17:50:58.168 [N/A] [] [main] DEBUG o.s.b.f.s.DefaultListableBeanFactory - Autowiring by type from bean name 'threadPoolTaskExecutorBuilder' via factory method to bean named 'spring.task.execution-org.springframework.boot.autoconfigure.task.TaskExecutionProperties'
2026-06-23 17:50:58.168 [N/A] [] [main] DEBUG o.s.b.f.s.DefaultListableBeanFactory - Creating shared instance of singleton bean 'org.springframework.boot.autoconfigure.task.TaskExecutorConfigurations$TaskExecutorBuilderConfiguration'
2026-06-23 17:50:58.183 [N/A] [] [main] DEBUG o.s.b.f.s.DefaultListableBeanFactory - Creating shared instance of singleton bean 'taskExecutorBuilder'
2026-06-23 17:50:58.184 [N/A] [] [main] DEBUG o.s.b.f.s.DefaultListableBeanFactory - Autowiring by type from bean name 'taskExecutorBuilder' via factory method to bean named 'spring.task.execution-org.springframework.boot.autoconfigure.task.TaskExecutionProperties'
2026-06-23 17:50:58.185 [N/A] [] [main] DEBUG o.s.b.f.s.DefaultListableBeanFactory - Creating shared instance of singleton bean 'org.springframework.boot.autoconfigure.task.TaskExecutorConfigurations$SimpleAsyncTaskExecutorBuilderConfiguration'
2026-06-23 17:50:58.192 [N/A] [] [main] DEBUG o.s.b.f.s.DefaultListableBeanFactory - Autowiring by type from bean name 'org.springframework.boot.autoconfigure.task.TaskExecutorConfigurations$SimpleAsyncTaskExecutorBuilderConfiguration' via constructor to bean named 'spring.task.execution-org.springframework.boot.autoconfigure.task.TaskExecutionProperties'
2026-06-23 17:50:58.192 [N/A] [] [main] DEBUG o.s.b.f.s.DefaultListableBeanFactory - Creating shared instance of singleton bean 'simpleAsyncTaskExecutorBuilder'
2026-06-23 17:50:58.192 [N/A] [] [main] DEBUG o.s.b.f.s.DefaultListableBeanFactory - Creating shared instance of singleton bean 'org.springframework.boot.autoconfigure.task.TaskExecutorConfigurations$TaskExecutorConfiguration'
2026-06-23 17:50:58.192 [N/A] [] [main] DEBUG o.s.b.f.s.DefaultListableBeanFactory - Creating shared instance of singleton bean 'org.springframework.boot.autoconfigure.task.TaskExecutionAutoConfiguration'
2026-06-23 17:50:58.192 [N/A] [] [main] DEBUG o.s.b.f.s.DefaultListableBeanFactory - Creating shared instance of singleton bean 'org.springframework.boot.autoconfigure.validation.ValidationAutoConfiguration'
2026-06-23 17:50:58.192 [N/A] [] [main] DEBUG o.s.b.f.s.DefaultListableBeanFactory - Creating shared instance of singleton bean 'defaultValidator'
2026-06-23 17:50:58.192 [N/A] [] [main] DEBUG o.s.b.f.s.DefaultListableBeanFactory - Autowiring by type from bean name 'defaultValidator' via factory method to bean named 'org.springframework.web.context.support.GenericWebApplicationContext@1f443fae'
2026-06-23 17:50:58.235 [N/A] [] [main] DEBUG o.s.b.f.s.DefaultListableBeanFactory - Creating shared instance of singleton bean 'org.springframework.boot.autoconfigure.web.servlet.error.ErrorMvcAutoConfiguration$WhitelabelErrorViewConfiguration'
2026-06-23 17:50:58.242 [N/A] [] [main] DEBUG o.s.b.f.s.DefaultListableBeanFactory - Creating shared instance of singleton bean 'error'
2026-06-23 17:50:58.265 [N/A] [] [main] DEBUG o.s.b.f.s.DefaultListableBeanFactory - Creating shared instance of singleton bean 'beanNameViewResolver'
2026-06-23 17:50:58.295 [N/A] [] [main] DEBUG o.s.b.f.s.DefaultListableBeanFactory - Creating shared instance of singleton bean 'org.springframework.boot.autoconfigure.web.servlet.error.ErrorMvcAutoConfiguration$DefaultErrorViewResolverConfiguration'
2026-06-23 17:50:58.296 [N/A] [] [main] DEBUG o.s.b.f.s.DefaultListableBeanFactory - Autowiring by type from bean name 'org.springframework.boot.autoconfigure.web.servlet.error.ErrorMvcAutoConfiguration$DefaultErrorViewResolverConfiguration' via constructor to bean named 'org.springframework.web.context.support.GenericWebApplicationContext@1f443fae'
2026-06-23 17:50:58.296 [N/A] [] [main] DEBUG o.s.b.f.s.DefaultListableBeanFactory - Autowiring by type from bean name 'org.springframework.boot.autoconfigure.web.servlet.error.ErrorMvcAutoConfiguration$DefaultErrorViewResolverConfiguration' via constructor to bean named 'spring.web-org.springframework.boot.autoconfigure.web.WebProperties'
2026-06-23 17:50:58.297 [N/A] [] [main] DEBUG o.s.b.f.s.DefaultListableBeanFactory - Creating shared instance of singleton bean 'conventionErrorViewResolver'
2026-06-23 17:50:58.299 [N/A] [] [main] DEBUG o.s.b.f.s.DefaultListableBeanFactory - Creating shared instance of singleton bean 'errorAttributes'
2026-06-23 17:50:58.302 [N/A] [] [main] DEBUG o.s.b.f.s.DefaultListableBeanFactory - Creating shared instance of singleton bean 'basicErrorController'
2026-06-23 17:50:58.305 [N/A] [] [main] DEBUG o.s.b.f.s.DefaultListableBeanFactory - Autowiring by type from bean name 'basicErrorController' via factory method to bean named 'errorAttributes'
2026-06-23 17:50:58.308 [N/A] [] [main] DEBUG o.s.b.f.s.DefaultListableBeanFactory - Creating shared instance of singleton bean 'localeResolver'
2026-06-23 17:50:58.313 [N/A] [] [main] DEBUG o.s.b.f.s.DefaultListableBeanFactory - Creating shared instance of singleton bean 'themeResolver'
2026-06-23 17:50:58.315 [N/A] [] [main] DEBUG o.s.b.f.s.DefaultListableBeanFactory - Creating shared instance of singleton bean 'flashMapManager'
2026-06-23 17:50:58.321 [N/A] [] [main] DEBUG o.s.b.f.s.DefaultListableBeanFactory - Creating shared instance of singleton bean 'mvcValidator'
2026-06-23 17:50:58.321 [N/A] [] [main] DEBUG o.s.b.f.s.DefaultListableBeanFactory - Creating shared instance of singleton bean 'mvcPatternParser'
2026-06-23 17:50:58.321 [N/A] [] [main] DEBUG o.s.b.f.s.DefaultListableBeanFactory - Creating shared instance of singleton bean 'mvcUrlPathHelper'
2026-06-23 17:50:58.332 [N/A] [] [main] DEBUG o.s.b.f.s.DefaultListableBeanFactory - Creating shared instance of singleton bean 'mvcPathMatcher'
2026-06-23 17:50:58.339 [N/A] [] [main] DEBUG o.s.b.f.s.DefaultListableBeanFactory - Creating shared instance of singleton bean 'requestMappingHandlerAdapter'
2026-06-23 17:50:58.344 [N/A] [] [main] DEBUG o.s.b.f.s.DefaultListableBeanFactory - Autowiring by type from bean name 'requestMappingHandlerAdapter' via factory method to bean named 'mvcContentNegotiationManager'
2026-06-23 17:50:58.344 [N/A] [] [main] DEBUG o.s.b.f.s.DefaultListableBeanFactory - Autowiring by type from bean name 'requestMappingHandlerAdapter' via factory method to bean named 'mvcConversionService'
2026-06-23 17:50:58.344 [N/A] [] [main] DEBUG o.s.b.f.s.DefaultListableBeanFactory - Autowiring by type from bean name 'requestMappingHandlerAdapter' via factory method to bean named 'mvcValidator'
2026-06-23 17:50:58.366 [N/A] [] [main] DEBUG o.s.b.f.s.DefaultListableBeanFactory - Creating shared instance of singleton bean 'sortResolver'
2026-06-23 17:50:58.368 [N/A] [] [main] DEBUG o.s.b.f.s.DefaultListableBeanFactory - Creating shared instance of singleton bean 'sortCustomizer'
2026-06-23 17:50:58.369 [N/A] [] [main] DEBUG o.s.b.f.s.DefaultListableBeanFactory - Creating shared instance of singleton bean 'org.springframework.boot.autoconfigure.data.web.SpringDataWebAutoConfiguration'
2026-06-23 17:50:58.370 [N/A] [] [main] DEBUG o.s.b.f.s.DefaultListableBeanFactory - Creating shared instance of singleton bean 'spring.data.web-org.springframework.boot.autoconfigure.data.web.SpringDataWebProperties'
2026-06-23 17:50:58.370 [N/A] [] [main] DEBUG o.s.b.f.s.DefaultListableBeanFactory - Autowiring by type from bean name 'org.springframework.boot.autoconfigure.data.web.SpringDataWebAutoConfiguration' via constructor to bean named 'spring.data.web-org.springframework.boot.autoconfigure.data.web.SpringDataWebProperties'
2026-06-23 17:50:58.370 [N/A] [] [main] DEBUG o.s.b.f.s.DefaultListableBeanFactory - Creating shared instance of singleton bean 'pageableResolver'
2026-06-23 17:50:58.370 [N/A] [] [main] DEBUG o.s.b.f.s.DefaultListableBeanFactory - Creating shared instance of singleton bean 'pageableCustomizer'
2026-06-23 17:50:58.386 [N/A] [] [main] DEBUG o.s.b.f.s.DefaultListableBeanFactory - Creating shared instance of singleton bean 'applicationTaskExecutor'
2026-06-23 17:50:58.386 [N/A] [] [main] DEBUG o.s.b.f.s.DefaultListableBeanFactory - Autowiring by type from bean name 'applicationTaskExecutor' via factory method to bean named 'taskExecutorBuilder'
2026-06-23 17:50:58.402 [N/A] [] [main] DEBUG o.s.s.c.ThreadPoolTaskExecutor - Initializing ExecutorService 'applicationTaskExecutor'
2026-06-23 17:50:58.442 [N/A] [] [main] DEBUG o.s.w.s.m.m.a.RequestMappingHandlerAdapter - ControllerAdvice beans: 0 @ModelAttribute, 0 @InitBinder, 1 RequestBodyAdvice, 1 ResponseBodyAdvice
2026-06-23 17:50:58.529 [N/A] [] [main] DEBUG o.s.b.f.s.DefaultListableBeanFactory - Creating shared instance of singleton bean 'handlerFunctionAdapter'
2026-06-23 17:50:58.532 [N/A] [] [main] DEBUG o.s.b.f.s.DefaultListableBeanFactory - Creating shared instance of singleton bean 'mvcUriComponentsContributor'
2026-06-23 17:50:58.533 [N/A] [] [main] DEBUG o.s.b.f.s.DefaultListableBeanFactory - Autowiring by type from bean name 'mvcUriComponentsContributor' via factory method to bean named 'mvcConversionService'
2026-06-23 17:50:58.533 [N/A] [] [main] DEBUG o.s.b.f.s.DefaultListableBeanFactory - Autowiring by type from bean name 'mvcUriComponentsContributor' via factory method to bean named 'requestMappingHandlerAdapter'
2026-06-23 17:50:58.536 [N/A] [] [main] DEBUG o.s.b.f.s.DefaultListableBeanFactory - Creating shared instance of singleton bean 'httpRequestHandlerAdapter'
2026-06-23 17:50:58.538 [N/A] [] [main] DEBUG o.s.b.f.s.DefaultListableBeanFactory - Creating shared instance of singleton bean 'simpleControllerHandlerAdapter'
2026-06-23 17:50:58.540 [N/A] [] [main] DEBUG o.s.b.f.s.DefaultListableBeanFactory - Creating shared instance of singleton bean 'handlerExceptionResolver'
2026-06-23 17:50:58.541 [N/A] [] [main] DEBUG o.s.b.f.s.DefaultListableBeanFactory - Autowiring by type from bean name 'handlerExceptionResolver' via factory method to bean named 'mvcContentNegotiationManager'
2026-06-23 17:50:58.550 [N/A] [] [main] DEBUG o.s.w.s.m.m.a.ExceptionHandlerExceptionResolver - ControllerAdvice beans: 1 @ExceptionHandler, 1 ResponseBodyAdvice
2026-06-23 17:50:58.558 [N/A] [] [main] DEBUG o.s.b.f.s.DefaultListableBeanFactory - Creating shared instance of singleton bean 'mvcViewResolver'
2026-06-23 17:50:58.559 [N/A] [] [main] DEBUG o.s.b.f.s.DefaultListableBeanFactory - Autowiring by type from bean name 'mvcViewResolver' via factory method to bean named 'mvcContentNegotiationManager'
2026-06-23 17:50:58.564 [N/A] [] [main] DEBUG o.s.b.f.s.DefaultListableBeanFactory - Creating shared instance of singleton bean 'viewNameTranslator'
2026-06-23 17:50:58.566 [N/A] [] [main] DEBUG o.s.b.f.s.DefaultListableBeanFactory - Creating shared instance of singleton bean 'defaultViewResolver'
2026-06-23 17:50:58.578 [N/A] [] [main] DEBUG o.s.b.f.s.DefaultListableBeanFactory - Creating shared instance of singleton bean 'viewResolver'
2026-06-23 17:50:58.595 [N/A] [] [main] DEBUG o.s.b.f.s.DefaultListableBeanFactory - Autowiring by type from bean name 'viewResolver' via factory method to bean named 'org.springframework.beans.factory.support.DefaultListableBeanFactory@25c53f74'
2026-06-23 17:50:58.595 [N/A] [] [main] DEBUG o.s.b.f.s.DefaultListableBeanFactory - Creating shared instance of singleton bean 'viewResolver'
2026-06-23 17:50:58.595 [N/A] [] [main] DEBUG o.s.b.f.s.DefaultListableBeanFactory - Creating shared instance of singleton bean 'requestContextFilter'
2026-06-23 17:50:58.595 [N/A] [] [main] DEBUG o.s.b.f.s.DefaultListableBeanFactory - Creating shared instance of singleton bean 'org.springframework.boot.autoconfigure.web.servlet.WebMvcAutoConfiguration'
2026-06-23 17:50:58.595 [N/A] [] [main] DEBUG o.s.b.f.s.DefaultListableBeanFactory - Creating shared instance of singleton bean 'formContentFilter'
2026-06-23 17:50:58.611 [N/A] [] [main] DEBUG o.s.b.f.s.DefaultListableBeanFactory - Creating shared instance of singleton bean 'org.springframework.boot.autoconfigure.aop.AopAutoConfiguration$AspectJAutoProxyingConfiguration$CglibAutoProxyConfiguration'
2026-06-23 17:50:58.611 [N/A] [] [main] DEBUG o.s.b.f.s.DefaultListableBeanFactory - Creating shared instance of singleton bean 'org.springframework.boot.autoconfigure.aop.AopAutoConfiguration$AspectJAutoProxyingConfiguration'
2026-06-23 17:50:58.611 [N/A] [] [main] DEBUG o.s.b.f.s.DefaultListableBeanFactory - Creating shared instance of singleton bean 'org.springframework.boot.autoconfigure.aop.AopAutoConfiguration'
2026-06-23 17:50:58.611 [N/A] [] [main] DEBUG o.s.b.f.s.DefaultListableBeanFactory - Creating shared instance of singleton bean 'org.springframework.boot.autoconfigure.availability.ApplicationAvailabilityAutoConfiguration'
2026-06-23 17:50:58.611 [N/A] [] [main] DEBUG o.s.b.f.s.DefaultListableBeanFactory - Creating shared instance of singleton bean 'applicationAvailability'
2026-06-23 17:50:58.620 [N/A] [] [main] DEBUG o.s.b.f.s.DefaultListableBeanFactory - Creating shared instance of singleton bean 'org.springframework.boot.autoconfigure.transaction.jta.JtaAutoConfiguration'
2026-06-23 17:50:58.620 [N/A] [] [main] DEBUG o.s.b.f.s.DefaultListableBeanFactory - Creating shared instance of singleton bean 'org.springframework.boot.autoconfigure.jdbc.metadata.DataSourcePoolMetadataProvidersConfiguration'
2026-06-23 17:50:58.620 [N/A] [] [main] DEBUG o.s.b.f.s.DefaultListableBeanFactory - Creating shared instance of singleton bean 'org.springframework.boot.autoconfigure.jdbc.DataSourceAutoConfiguration'
2026-06-23 17:50:58.620 [N/A] [] [main] DEBUG o.s.b.f.s.DefaultListableBeanFactory - Creating shared instance of singleton bean 'org.springframework.boot.autoconfigure.transaction.TransactionManagerCustomizationAutoConfiguration'
2026-06-23 17:50:58.620 [N/A] [] [main] DEBUG o.s.b.f.s.DefaultListableBeanFactory - Creating shared instance of singleton bean 'platformTransactionManagerCustomizers'
2026-06-23 17:50:58.633 [N/A] [] [main] DEBUG o.s.b.f.s.DefaultListableBeanFactory - Creating shared instance of singleton bean 'transactionExecutionListeners'
2026-06-23 17:50:58.644 [N/A] [] [main] DEBUG o.s.b.f.s.DefaultListableBeanFactory - Creating shared instance of singleton bean 'spring.transaction-org.springframework.boot.autoconfigure.transaction.TransactionProperties'
2026-06-23 17:50:58.644 [N/A] [] [main] DEBUG o.s.b.f.s.DefaultListableBeanFactory - Creating shared instance of singleton bean 'org.springframework.boot.autoconfigure.orm.jpa.JpaBaseConfiguration$PersistenceManagedTypesConfiguration'
2026-06-23 17:50:58.644 [N/A] [] [main] DEBUG o.s.b.f.s.DefaultListableBeanFactory - Creating shared instance of singleton bean 'transactionManager'
2026-06-23 17:50:58.682 [N/A] [] [main] DEBUG o.s.b.f.s.DefaultListableBeanFactory - Creating shared instance of singleton bean 'org.springframework.boot.autoconfigure.orm.jpa.HibernateJpaAutoConfiguration'
2026-06-23 17:50:58.683 [N/A] [] [main] DEBUG o.s.b.f.s.DefaultListableBeanFactory - Creating shared instance of singleton bean 'org.springframework.boot.autoconfigure.context.ConfigurationPropertiesAutoConfiguration'
2026-06-23 17:50:58.684 [N/A] [] [main] DEBUG o.s.b.f.s.DefaultListableBeanFactory - Creating shared instance of singleton bean 'org.springframework.boot.autoconfigure.context.LifecycleAutoConfiguration'
2026-06-23 17:50:58.685 [N/A] [] [main] DEBUG o.s.b.f.s.DefaultListableBeanFactory - Creating shared instance of singleton bean 'lifecycleProcessor'
2026-06-23 17:50:58.689 [N/A] [] [main] DEBUG o.s.b.f.s.DefaultListableBeanFactory - Creating shared instance of singleton bean 'spring.lifecycle-org.springframework.boot.autoconfigure.context.LifecycleProperties'
2026-06-23 17:50:58.722 [N/A] [] [main] DEBUG o.s.b.f.s.DefaultListableBeanFactory - Autowiring by type from bean name 'lifecycleProcessor' via factory method to bean named 'spring.lifecycle-org.springframework.boot.autoconfigure.context.LifecycleProperties'
2026-06-23 17:50:58.726 [N/A] [] [main] DEBUG o.s.b.f.s.DefaultListableBeanFactory - Creating shared instance of singleton bean 'org.springframework.boot.autoconfigure.dao.PersistenceExceptionTranslationAutoConfiguration'
2026-06-23 17:50:58.727 [N/A] [] [main] DEBUG o.s.b.f.s.DefaultListableBeanFactory - Creating shared instance of singleton bean 'org.springframework.boot.autoconfigure.data.jpa.JpaRepositoriesAutoConfiguration'
2026-06-23 17:50:58.728 [N/A] [] [main] DEBUG o.s.b.f.s.DefaultListableBeanFactory - Creating shared instance of singleton bean 'org.springframework.data.jpa.util.JpaMetamodelCacheCleanup'
2026-06-23 17:50:58.729 [N/A] [] [main] DEBUG o.s.b.f.s.DefaultListableBeanFactory - Creating shared instance of singleton bean 'org.springframework.data.jpa.repository.support.JpaEvaluationContextExtension'
2026-06-23 17:50:58.732 [N/A] [] [main] DEBUG o.s.b.f.s.DefaultListableBeanFactory - Creating shared instance of singleton bean 'data-jpa.repository-aot-processor#0'
2026-06-23 17:50:58.745 [N/A] [] [main] DEBUG o.s.b.f.s.DefaultListableBeanFactory - Creating shared instance of singleton bean 'org.springframework.boot.autoconfigure.http.JacksonHttpMessageConvertersConfiguration'
2026-06-23 17:50:58.746 [N/A] [] [main] DEBUG o.s.b.f.s.DefaultListableBeanFactory - Creating shared instance of singleton bean 'org.springframework.data.web.config.ProjectingArgumentResolverRegistrar'
2026-06-23 17:50:58.747 [N/A] [] [main] DEBUG o.s.b.f.s.DefaultListableBeanFactory - Creating shared instance of singleton bean 'offsetResolver'
2026-06-23 17:50:58.750 [N/A] [] [main] DEBUG o.s.b.f.s.DefaultListableBeanFactory - Creating shared instance of singleton bean 'org.springframework.boot.autoconfigure.info.ProjectInfoAutoConfiguration'
2026-06-23 17:50:58.756 [N/A] [] [main] DEBUG o.s.b.f.s.DefaultListableBeanFactory - Creating shared instance of singleton bean 'spring.info-org.springframework.boot.autoconfigure.info.ProjectInfoProperties'
2026-06-23 17:50:58.761 [N/A] [] [main] DEBUG o.s.b.f.s.DefaultListableBeanFactory - Autowiring by type from bean name 'org.springframework.boot.autoconfigure.info.ProjectInfoAutoConfiguration' via constructor to bean named 'spring.info-org.springframework.boot.autoconfigure.info.ProjectInfoProperties'
2026-06-23 17:50:58.768 [N/A] [] [main] DEBUG o.s.b.f.s.DefaultListableBeanFactory - Creating shared instance of singleton bean 'org.springframework.boot.autoconfigure.jdbc.JdbcTemplateConfiguration'
2026-06-23 17:50:58.769 [N/A] [] [main] DEBUG o.s.b.f.s.DefaultListableBeanFactory - Creating shared instance of singleton bean 'jdbcTemplate'
2026-06-23 17:50:58.773 [N/A] [] [main] DEBUG o.s.b.f.s.DefaultListableBeanFactory - Creating shared instance of singleton bean 'spring.jdbc-org.springframework.boot.autoconfigure.jdbc.JdbcProperties'
2026-06-23 17:50:58.776 [N/A] [] [main] DEBUG o.s.b.f.s.DefaultListableBeanFactory - Autowiring by type from bean name 'jdbcTemplate' via factory method to bean named 'dataSource'
2026-06-23 17:50:58.776 [N/A] [] [main] DEBUG o.s.b.f.s.DefaultListableBeanFactory - Autowiring by type from bean name 'jdbcTemplate' via factory method to bean named 'spring.jdbc-org.springframework.boot.autoconfigure.jdbc.JdbcProperties'
2026-06-23 17:50:58.799 [N/A] [] [main] DEBUG o.s.b.f.s.DefaultListableBeanFactory - Creating shared instance of singleton bean 'org.springframework.boot.autoconfigure.jdbc.NamedParameterJdbcTemplateConfiguration'
2026-06-23 17:50:58.800 [N/A] [] [main] DEBUG o.s.b.f.s.DefaultListableBeanFactory - Creating shared instance of singleton bean 'namedParameterJdbcTemplate'
2026-06-23 17:50:58.802 [N/A] [] [main] DEBUG o.s.b.f.s.DefaultListableBeanFactory - Autowiring by type from bean name 'namedParameterJdbcTemplate' via factory method to bean named 'jdbcTemplate'
2026-06-23 17:50:58.819 [N/A] [] [main] DEBUG o.s.b.f.s.DefaultListableBeanFactory - Creating shared instance of singleton bean 'org.springframework.boot.autoconfigure.jdbc.JdbcTemplateAutoConfiguration'
2026-06-23 17:50:58.821 [N/A] [] [main] DEBUG o.s.b.f.s.DefaultListableBeanFactory - Creating shared instance of singleton bean 'org.springframework.boot.autoconfigure.jdbc.JdbcClientAutoConfiguration'
2026-06-23 17:50:58.821 [N/A] [] [main] DEBUG o.s.b.f.s.DefaultListableBeanFactory - Creating shared instance of singleton bean 'jdbcClient'
2026-06-23 17:50:58.826 [N/A] [] [main] DEBUG o.s.b.f.s.DefaultListableBeanFactory - Autowiring by type from bean name 'jdbcClient' via factory method to bean named 'namedParameterJdbcTemplate'
2026-06-23 17:50:58.826 [N/A] [] [main] DEBUG o.s.b.f.s.DefaultListableBeanFactory - Creating shared instance of singleton bean 'org.springframework.boot.autoconfigure.security.servlet.SpringBootWebSecurityConfiguration'
2026-06-23 17:50:58.826 [N/A] [] [main] DEBUG o.s.b.f.s.DefaultListableBeanFactory - Creating shared instance of singleton bean 'spring.security-org.springframework.boot.autoconfigure.security.SecurityProperties'
2026-06-23 17:50:58.826 [N/A] [] [main] DEBUG o.s.b.f.s.DefaultListableBeanFactory - Creating shared instance of singleton bean 'org.springframework.boot.autoconfigure.security.servlet.SecurityFilterAutoConfiguration'
2026-06-23 17:50:58.826 [N/A] [] [main] DEBUG o.s.b.f.s.DefaultListableBeanFactory - Creating shared instance of singleton bean 'securityFilterChainRegistration'
2026-06-23 17:50:58.840 [N/A] [] [main] DEBUG o.s.b.f.s.DefaultListableBeanFactory - Autowiring by type from bean name 'securityFilterChainRegistration' via factory method to bean named 'spring.security-org.springframework.boot.autoconfigure.security.SecurityProperties'
2026-06-23 17:50:58.847 [N/A] [] [main] DEBUG o.s.b.f.s.DefaultListableBeanFactory - Creating shared instance of singleton bean 'org.springframework.boot.autoconfigure.sql.init.SqlInitializationAutoConfiguration'
2026-06-23 17:50:58.848 [N/A] [] [main] DEBUG o.s.b.f.s.DefaultListableBeanFactory - Creating shared instance of singleton bean 'org.springframework.boot.autoconfigure.task.TaskSchedulingConfigurations$ThreadPoolTaskSchedulerBuilderConfiguration'
2026-06-23 17:50:58.849 [N/A] [] [main] DEBUG o.s.b.f.s.DefaultListableBeanFactory - Creating shared instance of singleton bean 'threadPoolTaskSchedulerBuilder'
2026-06-23 17:50:58.850 [N/A] [] [main] DEBUG o.s.b.f.s.DefaultListableBeanFactory - Creating shared instance of singleton bean 'spring.task.scheduling-org.springframework.boot.autoconfigure.task.TaskSchedulingProperties'
2026-06-23 17:50:58.854 [N/A] [] [main] DEBUG o.s.b.f.s.DefaultListableBeanFactory - Autowiring by type from bean name 'threadPoolTaskSchedulerBuilder' via factory method to bean named 'spring.task.scheduling-org.springframework.boot.autoconfigure.task.TaskSchedulingProperties'
2026-06-23 17:50:58.885 [N/A] [] [main] DEBUG o.s.b.f.s.DefaultListableBeanFactory - Creating shared instance of singleton bean 'org.springframework.boot.autoconfigure.task.TaskSchedulingConfigurations$TaskSchedulerBuilderConfiguration'
2026-06-23 17:50:58.885 [N/A] [] [main] DEBUG o.s.b.f.s.DefaultListableBeanFactory - Creating shared instance of singleton bean 'taskSchedulerBuilder'
2026-06-23 17:50:58.885 [N/A] [] [main] DEBUG o.s.b.f.s.DefaultListableBeanFactory - Autowiring by type from bean name 'taskSchedulerBuilder' via factory method to bean named 'spring.task.scheduling-org.springframework.boot.autoconfigure.task.TaskSchedulingProperties'
2026-06-23 17:50:58.885 [N/A] [] [main] DEBUG o.s.b.f.s.DefaultListableBeanFactory - Creating shared instance of singleton bean 'org.springframework.boot.autoconfigure.task.TaskSchedulingConfigurations$SimpleAsyncTaskSchedulerBuilderConfiguration'
2026-06-23 17:50:58.885 [N/A] [] [main] DEBUG o.s.b.f.s.DefaultListableBeanFactory - Autowiring by type from bean name 'org.springframework.boot.autoconfigure.task.TaskSchedulingConfigurations$SimpleAsyncTaskSchedulerBuilderConfiguration' via constructor to bean named 'spring.task.scheduling-org.springframework.boot.autoconfigure.task.TaskSchedulingProperties'
2026-06-23 17:50:58.885 [N/A] [] [main] DEBUG o.s.b.f.s.DefaultListableBeanFactory - Creating shared instance of singleton bean 'simpleAsyncTaskSchedulerBuilder'
2026-06-23 17:50:58.900 [N/A] [] [main] DEBUG o.s.b.f.s.DefaultListableBeanFactory - Creating shared instance of singleton bean 'org.springframework.boot.autoconfigure.task.TaskSchedulingConfigurations$TaskSchedulerConfiguration'
2026-06-23 17:50:58.901 [N/A] [] [main] DEBUG o.s.b.f.s.DefaultListableBeanFactory - Creating shared instance of singleton bean 'taskScheduler'
2026-06-23 17:50:58.905 [N/A] [] [main] DEBUG o.s.b.f.s.DefaultListableBeanFactory - Autowiring by type from bean name 'taskScheduler' via factory method to bean named 'taskSchedulerBuilder'
2026-06-23 17:50:58.911 [N/A] [] [main] DEBUG o.s.s.c.ThreadPoolTaskScheduler - Initializing ExecutorService 'taskScheduler'
2026-06-23 17:50:58.925 [N/A] [] [main] DEBUG o.s.b.f.s.DefaultListableBeanFactory - Creating shared instance of singleton bean 'org.springframework.boot.autoconfigure.task.TaskSchedulingAutoConfiguration'
2026-06-23 17:50:58.926 [N/A] [] [main] DEBUG o.s.b.f.s.DefaultListableBeanFactory - Creating shared instance of singleton bean 'scheduledBeanLazyInitializationExcludeFilter'
2026-06-23 17:50:58.956 [N/A] [] [main] DEBUG o.s.b.f.s.DefaultListableBeanFactory - Creating shared instance of singleton bean 'org.springframework.boot.autoconfigure.jdbc.DataSourceTransactionManagerAutoConfiguration$JdbcTransactionManagerConfiguration'
2026-06-23 17:50:58.957 [N/A] [] [main] DEBUG o.s.b.f.s.DefaultListableBeanFactory - Creating shared instance of singleton bean 'org.springframework.boot.autoconfigure.jdbc.DataSourceTransactionManagerAutoConfiguration'
2026-06-23 17:50:58.959 [N/A] [] [main] DEBUG o.s.b.f.s.DefaultListableBeanFactory - Creating shared instance of singleton bean 'org.springframework.boot.autoconfigure.transaction.TransactionAutoConfiguration$EnableTransactionManagementConfiguration$CglibAutoProxyConfiguration'
2026-06-23 17:50:58.960 [N/A] [] [main] DEBUG o.s.b.f.s.DefaultListableBeanFactory - Creating shared instance of singleton bean 'org.springframework.boot.autoconfigure.transaction.TransactionAutoConfiguration$EnableTransactionManagementConfiguration'
2026-06-23 17:50:58.961 [N/A] [] [main] DEBUG o.s.b.f.s.DefaultListableBeanFactory - Creating shared instance of singleton bean 'org.springframework.boot.autoconfigure.transaction.TransactionAutoConfiguration$TransactionTemplateConfiguration'
2026-06-23 17:50:58.963 [N/A] [] [main] DEBUG o.s.b.f.s.DefaultListableBeanFactory - Creating shared instance of singleton bean 'transactionTemplate'
2026-06-23 17:50:58.965 [N/A] [] [main] DEBUG o.s.b.f.s.DefaultListableBeanFactory - Autowiring by type from bean name 'transactionTemplate' via factory method to bean named 'transactionManager'
2026-06-23 17:50:58.968 [N/A] [] [main] DEBUG o.s.b.f.s.DefaultListableBeanFactory - Creating shared instance of singleton bean 'org.springframework.boot.autoconfigure.transaction.TransactionAutoConfiguration'
2026-06-23 17:50:58.971 [N/A] [] [main] DEBUG o.s.b.f.s.DefaultListableBeanFactory - Creating shared instance of singleton bean 'org.springframework.boot.autoconfigure.web.client.RestClientAutoConfiguration'
2026-06-23 17:50:58.972 [N/A] [] [main] DEBUG o.s.b.f.s.DefaultListableBeanFactory - Creating shared instance of singleton bean 'httpMessageConvertersRestClientCustomizer'
2026-06-23 17:50:58.973 [N/A] [] [main] DEBUG o.s.b.f.s.DefaultListableBeanFactory - Creating shared instance of singleton bean 'restClientSsl'
2026-06-23 17:50:58.974 [N/A] [] [main] DEBUG o.s.b.f.s.DefaultListableBeanFactory - Autowiring by type from bean name 'restClientSsl' via factory method to bean named 'sslBundleRegistry'
2026-06-23 17:50:58.975 [N/A] [] [main] DEBUG o.s.b.f.s.DefaultListableBeanFactory - Creating shared instance of singleton bean 'restClientBuilderConfigurer'
2026-06-23 17:50:58.977 [N/A] [] [main] DEBUG o.s.b.f.s.DefaultListableBeanFactory - Creating shared instance of singleton bean 'org.springframework.boot.autoconfigure.web.client.RestTemplateAutoConfiguration'
2026-06-23 17:50:58.978 [N/A] [] [main] DEBUG o.s.b.f.s.DefaultListableBeanFactory - Creating shared instance of singleton bean 'characterEncodingFilter'
2026-06-23 17:50:58.982 [N/A] [] [main] DEBUG o.s.b.f.s.DefaultListableBeanFactory - Creating shared instance of singleton bean 'multipartResolver'
2026-06-23 17:50:58.985 [N/A] [] [main] DEBUG o.s.b.f.s.DefaultListableBeanFactory - Creating shared instance of singleton bean 'org.springframework.boot.autoconfigure.websocket.servlet.WebSocketMessagingAutoConfiguration'
2026-06-23 17:50:59.042 [N/A] [] [main] DEBUG o.s.c.s.DefaultLifecycleProcessor - Starting beans in phase -2147483647
2026-06-23 17:50:59.042 [N/A] [] [main] DEBUG o.s.c.s.DefaultLifecycleProcessor - Successfully started bean 'springBootLoggingLifecycle'
2026-06-23 17:50:59.042 [N/A] [] [main] DEBUG o.s.c.s.DefaultLifecycleProcessor - Starting beans in phase 2147483647
2026-06-23 17:50:59.092 [N/A] [] [main] DEBUG o.s.b.a.l.ConditionEvaluationReportLogger - 


============================
CONDITIONS EVALUATION REPORT
============================


Positive matches:
-----------------

   AopAutoConfiguration matched:
      - @ConditionalOnProperty (spring.aop.auto=true) matched (OnPropertyCondition)

   AopAutoConfiguration.AspectJAutoProxyingConfiguration matched:
      - @ConditionalOnClass found required class 'org.aspectj.weaver.Advice' (OnClassCondition)

   AopAutoConfiguration.AspectJAutoProxyingConfiguration.CglibAutoProxyConfiguration matched:
      - @ConditionalOnProperty (spring.aop.proxy-target-class=true) matched (OnPropertyCondition)

   ApplicationAvailabilityAutoConfiguration#applicationAvailability matched:
      - @ConditionalOnMissingBean (types: org.springframework.boot.availability.ApplicationAvailability; SearchStrategy: all) did not find any beans (OnBeanCondition)

   DataSourceAutoConfiguration matched:
      - @ConditionalOnClass found required classes 'javax.sql.DataSource', 'org.springframework.jdbc.datasource.embedded.EmbeddedDatabaseType' (OnClassCondition)
      - @ConditionalOnMissingBean (types: io.r2dbc.spi.ConnectionFactory; SearchStrategy: all) did not find any beans (OnBeanCondition)

   DataSourceAutoConfiguration.PooledDataSourceConfiguration matched:
      - AnyNestedCondition 1 matched 1 did not; NestedCondition on DataSourceAutoConfiguration.PooledDataSourceCondition.PooledDataSourceAvailable PooledDataSource found supported DataSource; NestedCondition on DataSourceAutoConfiguration.PooledDataSourceCondition.ExplicitType @ConditionalOnProperty (spring.datasource.type) did not find property 'type' (DataSourceAutoConfiguration.PooledDataSourceCondition)
      - @ConditionalOnMissingBean (types: javax.sql.DataSource,javax.sql.XADataSource; SearchStrategy: all) did not find any beans (OnBeanCondition)

   DataSourceAutoConfiguration.PooledDataSourceConfiguration#jdbcConnectionDetails matched:
      - @ConditionalOnMissingBean (types: org.springframework.boot.autoconfigure.jdbc.JdbcConnectionDetails; SearchStrategy: all) did not find any beans (OnBeanCondition)

   DataSourceConfiguration.Hikari matched:
      - @ConditionalOnClass found required class 'com.zaxxer.hikari.HikariDataSource' (OnClassCondition)
      - @ConditionalOnProperty (spring.datasource.type=com.zaxxer.hikari.HikariDataSource) matched (OnPropertyCondition)
      - @ConditionalOnMissingBean (types: javax.sql.DataSource; SearchStrategy: all) did not find any beans (OnBeanCondition)

   DataSourceInitializationConfiguration matched:
      - @ConditionalOnClass found required class 'org.springframework.jdbc.datasource.init.DatabasePopulator' (OnClassCondition)
      - @ConditionalOnSingleCandidate (types: javax.sql.DataSource; SearchStrategy: all) found a single bean 'dataSource'; @ConditionalOnMissingBean (types: org.springframework.boot.autoconfigure.sql.init.SqlDataSourceScriptDatabaseInitializer,org.springframework.boot.autoconfigure.sql.init.SqlR2dbcScriptDatabaseInitializer; SearchStrategy: all) did not find any beans (OnBeanCondition)

   DataSourcePoolMetadataProvidersConfiguration.HikariPoolDataSourceMetadataProviderConfiguration matched:
      - @ConditionalOnClass found required class 'com.zaxxer.hikari.HikariDataSource' (OnClassCondition)

   DataSourceTransactionManagerAutoConfiguration matched:
      - @ConditionalOnClass found required classes 'javax.sql.DataSource', 'org.springframework.jdbc.core.JdbcTemplate', 'org.springframework.transaction.TransactionManager' (OnClassCondition)

   DataSourceTransactionManagerAutoConfiguration.JdbcTransactionManagerConfiguration matched:
      - @ConditionalOnSingleCandidate (types: javax.sql.DataSource; SearchStrategy: all) found a single bean 'dataSource' (OnBeanCondition)

   DispatcherServletAutoConfiguration matched:
      - @ConditionalOnClass found required class 'org.springframework.web.servlet.DispatcherServlet' (OnClassCondition)
      - found 'session' scope (OnWebApplicationCondition)

   DispatcherServletAutoConfiguration.DispatcherServletConfiguration matched:
      - @ConditionalOnClass found required class 'jakarta.servlet.ServletRegistration' (OnClassCondition)
      - Default DispatcherServlet did not find dispatcher servlet beans (DispatcherServletAutoConfiguration.DefaultDispatcherServletCondition)

   DispatcherServletAutoConfiguration.DispatcherServletRegistrationConfiguration matched:
      - @ConditionalOnClass found required class 'jakarta.servlet.ServletRegistration' (OnClassCondition)
      - DispatcherServlet Registration did not find servlet registration bean (DispatcherServletAutoConfiguration.DispatcherServletRegistrationCondition)

   DispatcherServletAutoConfiguration.DispatcherServletRegistrationConfiguration#dispatcherServletRegistration matched:
      - @ConditionalOnBean (names: dispatcherServlet types: org.springframework.web.servlet.DispatcherServlet; SearchStrategy: all) found bean 'dispatcherServlet' (OnBeanCondition)

   ErrorMvcAutoConfiguration matched:
      - @ConditionalOnClass found required classes 'jakarta.servlet.Servlet', 'org.springframework.web.servlet.DispatcherServlet' (OnClassCondition)
      - found 'session' scope (OnWebApplicationCondition)

   ErrorMvcAutoConfiguration#basicErrorController matched:
      - @ConditionalOnMissingBean (types: org.springframework.boot.web.servlet.error.ErrorController; SearchStrategy: current) did not find any beans (OnBeanCondition)

   ErrorMvcAutoConfiguration#errorAttributes matched:
      - @ConditionalOnMissingBean (types: org.springframework.boot.web.servlet.error.ErrorAttributes; SearchStrategy: current) did not find any beans (OnBeanCondition)

   ErrorMvcAutoConfiguration.DefaultErrorViewResolverConfiguration#conventionErrorViewResolver matched:
      - @ConditionalOnBean (types: org.springframework.web.servlet.DispatcherServlet; SearchStrategy: all) found bean 'dispatcherServlet'; @ConditionalOnMissingBean (types: org.springframework.boot.autoconfigure.web.servlet.error.ErrorViewResolver; SearchStrategy: all) did not find any beans (OnBeanCondition)

   ErrorMvcAutoConfiguration.WhitelabelErrorViewConfiguration matched:
      - @ConditionalOnProperty (server.error.whitelabel.enabled) matched (OnPropertyCondition)
      - ErrorTemplate Missing did not find error template view (ErrorMvcAutoConfiguration.ErrorTemplateMissingCondition)

   ErrorMvcAutoConfiguration.WhitelabelErrorViewConfiguration#beanNameViewResolver matched:
      - @ConditionalOnMissingBean (types: org.springframework.web.servlet.view.BeanNameViewResolver; SearchStrategy: all) did not find any beans (OnBeanCondition)

   ErrorMvcAutoConfiguration.WhitelabelErrorViewConfiguration#defaultErrorView matched:
      - @ConditionalOnMissingBean (names: error; SearchStrategy: all) did not find any beans (OnBeanCondition)

   GenericCacheConfiguration matched:
      - Cache org.springframework.boot.autoconfigure.cache.GenericCacheConfiguration automatic cache type (CacheCondition)

   HibernateJpaAutoConfiguration matched:
      - @ConditionalOnClass found required classes 'org.springframework.orm.jpa.LocalContainerEntityManagerFactoryBean', 'jakarta.persistence.EntityManager', 'org.hibernate.engine.spi.SessionImplementor' (OnClassCondition)

   HibernateJpaConfiguration matched:
      - @ConditionalOnSingleCandidate (types: javax.sql.DataSource; SearchStrategy: all) found a single bean 'dataSource' (OnBeanCondition)

   HttpEncodingAutoConfiguration matched:
      - @ConditionalOnClass found required class 'org.springframework.web.filter.CharacterEncodingFilter' (OnClassCondition)
      - found 'session' scope (OnWebApplicationCondition)
      - @ConditionalOnProperty (server.servlet.encoding.enabled) matched (OnPropertyCondition)

   HttpEncodingAutoConfiguration#characterEncodingFilter matched:
      - @ConditionalOnMissingBean (types: org.springframework.web.filter.CharacterEncodingFilter; SearchStrategy: all) did not find any beans (OnBeanCondition)

   HttpMessageConvertersAutoConfiguration matched:
      - @ConditionalOnClass found required class 'org.springframework.http.converter.HttpMessageConverter' (OnClassCondition)
      - NoneNestedConditions 0 matched 1 did not; NestedCondition on HttpMessageConvertersAutoConfiguration.NotReactiveWebApplicationCondition.ReactiveWebApplication did not find reactive web application classes (HttpMessageConvertersAutoConfiguration.NotReactiveWebApplicationCondition)

   HttpMessageConvertersAutoConfiguration#messageConverters matched:
      - @ConditionalOnMissingBean (types: org.springframework.boot.autoconfigure.http.HttpMessageConverters; SearchStrategy: all) did not find any beans (OnBeanCondition)

   HttpMessageConvertersAutoConfiguration.StringHttpMessageConverterConfiguration matched:
      - @ConditionalOnClass found required class 'org.springframework.http.converter.StringHttpMessageConverter' (OnClassCondition)

   HttpMessageConvertersAutoConfiguration.StringHttpMessageConverterConfiguration#stringHttpMessageConverter matched:
      - @ConditionalOnMissingBean (types: org.springframework.http.converter.StringHttpMessageConverter; SearchStrategy: all) did not find any beans (OnBeanCondition)

   JacksonAutoConfiguration matched:
      - @ConditionalOnClass found required class 'com.fasterxml.jackson.databind.ObjectMapper' (OnClassCondition)

   JacksonAutoConfiguration.Jackson2ObjectMapperBuilderCustomizerConfiguration matched:
      - @ConditionalOnClass found required class 'org.springframework.http.converter.json.Jackson2ObjectMapperBuilder' (OnClassCondition)

   JacksonAutoConfiguration.JacksonObjectMapperBuilderConfiguration matched:
      - @ConditionalOnClass found required class 'org.springframework.http.converter.json.Jackson2ObjectMapperBuilder' (OnClassCondition)

   JacksonAutoConfiguration.JacksonObjectMapperBuilderConfiguration#jacksonObjectMapperBuilder matched:
      - @ConditionalOnMissingBean (types: org.springframework.http.converter.json.Jackson2ObjectMapperBuilder; SearchStrategy: all) did not find any beans (OnBeanCondition)

   JacksonAutoConfiguration.JacksonObjectMapperConfiguration matched:
      - @ConditionalOnClass found required class 'org.springframework.http.converter.json.Jackson2ObjectMapperBuilder' (OnClassCondition)

   JacksonAutoConfiguration.JacksonObjectMapperConfiguration#jacksonObjectMapper matched:
      - @ConditionalOnMissingBean (types: com.fasterxml.jackson.databind.ObjectMapper; SearchStrategy: all) did not find any beans (OnBeanCondition)

   JacksonAutoConfiguration.ParameterNamesModuleConfiguration matched:
      - @ConditionalOnClass found required class 'com.fasterxml.jackson.module.paramnames.ParameterNamesModule' (OnClassCondition)

   JacksonAutoConfiguration.ParameterNamesModuleConfiguration#parameterNamesModule matched:
      - @ConditionalOnMissingBean (types: com.fasterxml.jackson.module.paramnames.ParameterNamesModule; SearchStrategy: all) did not find any beans (OnBeanCondition)

   JacksonHttpMessageConvertersConfiguration.MappingJackson2HttpMessageConverterConfiguration matched:
      - @ConditionalOnClass found required class 'com.fasterxml.jackson.databind.ObjectMapper' (OnClassCondition)
      - @ConditionalOnProperty (spring.mvc.converters.preferred-json-mapper=jackson) matched (OnPropertyCondition)
      - @ConditionalOnBean (types: com.fasterxml.jackson.databind.ObjectMapper; SearchStrategy: all) found bean 'jacksonObjectMapper' (OnBeanCondition)

   JacksonHttpMessageConvertersConfiguration.MappingJackson2HttpMessageConverterConfiguration#mappingJackson2HttpMessageConverter matched:
      - @ConditionalOnMissingBean (types: org.springframework.http.converter.json.MappingJackson2HttpMessageConverter ignored: org.springframework.hateoas.server.mvc.TypeConstrainedMappingJackson2HttpMessageConverter,org.springframework.data.rest.webmvc.alps.AlpsJsonHttpMessageConverter; SearchStrategy: all) did not find any beans (OnBeanCondition)

   JdbcClientAutoConfiguration matched:
      - @ConditionalOnSingleCandidate (types: org.springframework.jdbc.core.namedparam.NamedParameterJdbcTemplate; SearchStrategy: all) found a single bean 'namedParameterJdbcTemplate'; @ConditionalOnMissingBean (types: org.springframework.jdbc.core.simple.JdbcClient; SearchStrategy: all) did not find any beans (OnBeanCondition)

   JdbcTemplateAutoConfiguration matched:
      - @ConditionalOnClass found required classes 'javax.sql.DataSource', 'org.springframework.jdbc.core.JdbcTemplate' (OnClassCondition)
      - @ConditionalOnSingleCandidate (types: javax.sql.DataSource; SearchStrategy: all) found a single bean 'dataSource' (OnBeanCondition)

   JdbcTemplateConfiguration matched:
      - @ConditionalOnMissingBean (types: org.springframework.jdbc.core.JdbcOperations; SearchStrategy: all) did not find any beans (OnBeanCondition)

   JpaBaseConfiguration#entityManagerFactory matched:
      - @ConditionalOnMissingBean (types: org.springframework.orm.jpa.LocalContainerEntityManagerFactoryBean,jakarta.persistence.EntityManagerFactory; SearchStrategy: all) did not find any beans (OnBeanCondition)

   JpaBaseConfiguration#entityManagerFactoryBuilder matched:
      - @ConditionalOnMissingBean (types: org.springframework.boot.orm.jpa.EntityManagerFactoryBuilder; SearchStrategy: all) did not find any beans (OnBeanCondition)

   JpaBaseConfiguration#jpaVendorAdapter matched:
      - @ConditionalOnMissingBean (types: org.springframework.orm.jpa.JpaVendorAdapter; SearchStrategy: all) did not find any beans (OnBeanCondition)

   JpaBaseConfiguration#transactionManager matched:
      - @ConditionalOnMissingBean (types: org.springframework.transaction.TransactionManager; SearchStrategy: all) did not find any beans (OnBeanCondition)

   JpaBaseConfiguration.PersistenceManagedTypesConfiguration matched:
      - @ConditionalOnMissingBean (types: org.springframework.orm.jpa.LocalContainerEntityManagerFactoryBean,jakarta.persistence.EntityManagerFactory; SearchStrategy: all) did not find any beans (OnBeanCondition)

   JpaBaseConfiguration.PersistenceManagedTypesConfiguration#persistenceManagedTypes matched:
      - @ConditionalOnMissingBean (types: org.springframework.orm.jpa.persistenceunit.PersistenceManagedTypes; SearchStrategy: all) did not find any beans (OnBeanCondition)

   JpaRepositoriesAutoConfiguration matched:
      - @ConditionalOnClass found required class 'org.springframework.data.jpa.repository.JpaRepository' (OnClassCondition)
      - @ConditionalOnProperty (spring.data.jpa.repositories.enabled=true) matched (OnPropertyCondition)
      - @ConditionalOnBean (types: javax.sql.DataSource; SearchStrategy: all) found bean 'dataSource'; @ConditionalOnMissingBean (types: org.springframework.data.jpa.repository.support.JpaRepositoryFactoryBean,org.springframework.data.jpa.repository.config.JpaRepositoryConfigExtension; SearchStrategy: all) did not find any beans (OnBeanCondition)

   JtaAutoConfiguration matched:
      - @ConditionalOnClass found required class 'jakarta.transaction.Transaction' (OnClassCondition)
      - @ConditionalOnProperty (spring.jta.enabled) matched (OnPropertyCondition)

   LifecycleAutoConfiguration#defaultLifecycleProcessor matched:
      - @ConditionalOnMissingBean (names: lifecycleProcessor; SearchStrategy: current) did not find any beans (OnBeanCondition)

   MultipartAutoConfiguration matched:
      - @ConditionalOnClass found required classes 'jakarta.servlet.Servlet', 'org.springframework.web.multipart.support.StandardServletMultipartResolver', 'jakarta.servlet.MultipartConfigElement' (OnClassCondition)
      - found 'session' scope (OnWebApplicationCondition)
      - @ConditionalOnProperty (spring.servlet.multipart.enabled) matched (OnPropertyCondition)

   MultipartAutoConfiguration#multipartConfigElement matched:
      - @ConditionalOnMissingBean (types: jakarta.servlet.MultipartConfigElement; SearchStrategy: all) did not find any beans (OnBeanCondition)

   MultipartAutoConfiguration#multipartResolver matched:
      - @ConditionalOnMissingBean (types: org.springframework.web.multipart.MultipartResolver; SearchStrategy: all) did not find any beans (OnBeanCondition)

   NamedParameterJdbcTemplateConfiguration matched:
      - @ConditionalOnSingleCandidate (types: org.springframework.jdbc.core.JdbcTemplate; SearchStrategy: all) found a single bean 'jdbcTemplate'; @ConditionalOnMissingBean (types: org.springframework.jdbc.core.namedparam.NamedParameterJdbcOperations; SearchStrategy: all) did not find any beans (OnBeanCondition)

   NoOpCacheConfiguration matched:
      - Cache org.springframework.boot.autoconfigure.cache.NoOpCacheConfiguration automatic cache type (CacheCondition)

   PersistenceExceptionTranslationAutoConfiguration matched:
      - @ConditionalOnClass found required class 'org.springframework.dao.annotation.PersistenceExceptionTranslationPostProcessor' (OnClassCondition)

   PersistenceExceptionTranslationAutoConfiguration#persistenceExceptionTranslationPostProcessor matched:
      - @ConditionalOnProperty (spring.dao.exceptiontranslation.enabled) matched (OnPropertyCondition)
      - @ConditionalOnMissingBean (types: org.springframework.dao.annotation.PersistenceExceptionTranslationPostProcessor; SearchStrategy: all) did not find any beans (OnBeanCondition)

   PropertyPlaceholderAutoConfiguration#propertySourcesPlaceholderConfigurer matched:
      - @ConditionalOnMissingBean (types: org.springframework.context.support.PropertySourcesPlaceholderConfigurer; SearchStrategy: current) did not find any beans (OnBeanCondition)

   RestClientAutoConfiguration matched:
      - @ConditionalOnClass found required class 'org.springframework.web.client.RestClient' (OnClassCondition)
      - NoneNestedConditions 0 matched 1 did not; NestedCondition on NotReactiveWebApplicationCondition.ReactiveWebApplication did not find reactive web application classes (NotReactiveWebApplicationCondition)

   RestClientAutoConfiguration#httpMessageConvertersRestClientCustomizer matched:
      - @ConditionalOnMissingBean (types: org.springframework.boot.autoconfigure.web.client.HttpMessageConvertersRestClientCustomizer; SearchStrategy: all) did not find any beans (OnBeanCondition)

   RestClientAutoConfiguration#restClientBuilder matched:
      - @ConditionalOnMissingBean (types: org.springframework.web.client.RestClient$Builder; SearchStrategy: all) did not find any beans (OnBeanCondition)

   RestClientAutoConfiguration#restClientBuilderConfigurer matched:
      - @ConditionalOnMissingBean (types: org.springframework.boot.autoconfigure.web.client.RestClientBuilderConfigurer; SearchStrategy: all) did not find any beans (OnBeanCondition)

   RestClientAutoConfiguration#restClientSsl matched:
      - @ConditionalOnBean (types: org.springframework.boot.ssl.SslBundles; SearchStrategy: all) found bean 'sslBundleRegistry'; @ConditionalOnMissingBean (types: org.springframework.boot.autoconfigure.web.client.RestClientSsl; SearchStrategy: all) did not find any beans (OnBeanCondition)

   RestTemplateAutoConfiguration matched:
      - @ConditionalOnClass found required class 'org.springframework.web.client.RestTemplate' (OnClassCondition)
      - NoneNestedConditions 0 matched 1 did not; NestedCondition on NotReactiveWebApplicationCondition.ReactiveWebApplication did not find reactive web application classes (NotReactiveWebApplicationCondition)

   RestTemplateAutoConfiguration#restTemplateBuilder matched:
      - @ConditionalOnMissingBean (types: org.springframework.boot.web.client.RestTemplateBuilder; SearchStrategy: all) did not find any beans (OnBeanCondition)

   SecurityAutoConfiguration matched:
      - @ConditionalOnClass found required class 'org.springframework.security.authentication.DefaultAuthenticationEventPublisher' (OnClassCondition)

   SecurityAutoConfiguration#authenticationEventPublisher matched:
      - @ConditionalOnMissingBean (types: org.springframework.security.authentication.AuthenticationEventPublisher; SearchStrategy: all) did not find any beans (OnBeanCondition)

   SecurityFilterAutoConfiguration matched:
      - @ConditionalOnClass found required classes 'org.springframework.security.web.context.AbstractSecurityWebApplicationInitializer', 'org.springframework.security.config.http.SessionCreationPolicy' (OnClassCondition)
      - found 'session' scope (OnWebApplicationCondition)

   SecurityFilterAutoConfiguration#securityFilterChainRegistration matched:
      - @ConditionalOnBean (names: springSecurityFilterChain; SearchStrategy: all) found bean 'springSecurityFilterChain' (OnBeanCondition)

   ServletWebServerFactoryAutoConfiguration matched:
      - @ConditionalOnClass found required class 'jakarta.servlet.ServletRequest' (OnClassCondition)
      - found 'session' scope (OnWebApplicationCondition)

   ServletWebServerFactoryAutoConfiguration#tomcatServletWebServerFactoryCustomizer matched:
      - @ConditionalOnClass found required class 'org.apache.catalina.startup.Tomcat' (OnClassCondition)

   ServletWebServerFactoryConfiguration.EmbeddedTomcat matched:
      - @ConditionalOnClass found required classes 'jakarta.servlet.Servlet', 'org.apache.catalina.startup.Tomcat', 'org.apache.coyote.UpgradeProtocol' (OnClassCondition)
      - @ConditionalOnMissingBean (types: org.springframework.boot.web.servlet.server.ServletWebServerFactory; SearchStrategy: current) did not find any beans (OnBeanCondition)

   SimpleCacheConfiguration matched:
      - Cache org.springframework.boot.autoconfigure.cache.SimpleCacheConfiguration automatic cache type (CacheCondition)

   SpringBootWebSecurityConfiguration matched:
      - found 'session' scope (OnWebApplicationCondition)

   SpringDataWebAutoConfiguration matched:
      - @ConditionalOnClass found required classes 'org.springframework.data.web.PageableHandlerMethodArgumentResolver', 'org.springframework.web.servlet.config.annotation.WebMvcConfigurer' (OnClassCondition)
      - found 'session' scope (OnWebApplicationCondition)
      - @ConditionalOnMissingBean (types: org.springframework.data.web.PageableHandlerMethodArgumentResolver; SearchStrategy: all) did not find any beans (OnBeanCondition)

   SpringDataWebAutoConfiguration#pageableCustomizer matched:
      - @ConditionalOnMissingBean (types: org.springframework.data.web.config.PageableHandlerMethodArgumentResolverCustomizer; SearchStrategy: all) did not find any beans (OnBeanCondition)

   SpringDataWebAutoConfiguration#sortCustomizer matched:
      - @ConditionalOnMissingBean (types: org.springframework.data.web.config.SortHandlerMethodArgumentResolverCustomizer; SearchStrategy: all) did not find any beans (OnBeanCondition)

   SqlInitializationAutoConfiguration matched:
      - @ConditionalOnProperty (spring.sql.init.enabled) matched (OnPropertyCondition)
      - NoneNestedConditions 0 matched 1 did not; NestedCondition on SqlInitializationAutoConfiguration.SqlInitializationModeCondition.ModeIsNever @ConditionalOnProperty (spring.sql.init.mode=never) did not find property 'mode' (SqlInitializationAutoConfiguration.SqlInitializationModeCondition)

   SslAutoConfiguration#sslBundleRegistry matched:
      - @ConditionalOnMissingBean (types: org.springframework.boot.ssl.SslBundleRegistry,org.springframework.boot.ssl.SslBundles; SearchStrategy: all) did not find any beans (OnBeanCondition)

   TaskExecutionAutoConfiguration matched:
      - @ConditionalOnClass found required class 'org.springframework.scheduling.concurrent.ThreadPoolTaskExecutor' (OnClassCondition)

   TaskExecutorConfigurations.SimpleAsyncTaskExecutorBuilderConfiguration#simpleAsyncTaskExecutorBuilder matched:
      - @ConditionalOnMissingBean (types: org.springframework.boot.task.SimpleAsyncTaskExecutorBuilder; SearchStrategy: all) did not find any beans (OnBeanCondition)
      - @ConditionalOnThreading found PLATFORM (OnThreadingCondition)

   TaskExecutorConfigurations.TaskExecutorBuilderConfiguration#taskExecutorBuilder matched:
      - @ConditionalOnMissingBean (types: org.springframework.boot.task.TaskExecutorBuilder; SearchStrategy: all) did not find any beans (OnBeanCondition)

   TaskExecutorConfigurations.TaskExecutorConfiguration matched:
      - @ConditionalOnMissingBean (types: java.util.concurrent.Executor; SearchStrategy: all) did not find any beans (OnBeanCondition)

   TaskExecutorConfigurations.TaskExecutorConfiguration#applicationTaskExecutor matched:
      - @ConditionalOnThreading found PLATFORM (OnThreadingCondition)

   TaskExecutorConfigurations.ThreadPoolTaskExecutorBuilderConfiguration#threadPoolTaskExecutorBuilder matched:
      - @ConditionalOnMissingBean (types: org.springframework.boot.task.TaskExecutorBuilder,org.springframework.boot.task.ThreadPoolTaskExecutorBuilder; SearchStrategy: all) did not find any beans (OnBeanCondition)

   TaskSchedulingAutoConfiguration matched:
      - @ConditionalOnClass found required class 'org.springframework.scheduling.concurrent.ThreadPoolTaskScheduler' (OnClassCondition)

   TaskSchedulingAutoConfiguration#scheduledBeanLazyInitializationExcludeFilter matched:
      - @ConditionalOnBean (names: org.springframework.context.annotation.internalScheduledAnnotationProcessor; SearchStrategy: all) found bean 'org.springframework.context.annotation.internalScheduledAnnotationProcessor' (OnBeanCondition)

   TaskSchedulingConfigurations.SimpleAsyncTaskSchedulerBuilderConfiguration#simpleAsyncTaskSchedulerBuilder matched:
      - @ConditionalOnMissingBean (types: org.springframework.boot.task.SimpleAsyncTaskSchedulerBuilder; SearchStrategy: all) did not find any beans (OnBeanCondition)
      - @ConditionalOnThreading found PLATFORM (OnThreadingCondition)

   TaskSchedulingConfigurations.TaskSchedulerBuilderConfiguration#taskSchedulerBuilder matched:
      - @ConditionalOnMissingBean (types: org.springframework.boot.task.TaskSchedulerBuilder; SearchStrategy: all) did not find any beans (OnBeanCondition)

   TaskSchedulingConfigurations.TaskSchedulerConfiguration matched:
      - @ConditionalOnBean (names: org.springframework.context.annotation.internalScheduledAnnotationProcessor; SearchStrategy: all) found bean 'org.springframework.context.annotation.internalScheduledAnnotationProcessor'; @ConditionalOnMissingBean (types: org.springframework.scheduling.TaskScheduler,java.util.concurrent.ScheduledExecutorService; SearchStrategy: all) did not find any beans (OnBeanCondition)

   TaskSchedulingConfigurations.TaskSchedulerConfiguration#taskScheduler matched:
      - @ConditionalOnThreading found PLATFORM (OnThreadingCondition)

   TaskSchedulingConfigurations.ThreadPoolTaskSchedulerBuilderConfiguration#threadPoolTaskSchedulerBuilder matched:
      - @ConditionalOnMissingBean (types: org.springframework.boot.task.TaskSchedulerBuilder,org.springframework.boot.task.ThreadPoolTaskSchedulerBuilder; SearchStrategy: all) did not find any beans (OnBeanCondition)

   TransactionAutoConfiguration matched:
      - @ConditionalOnClass found required class 'org.springframework.transaction.PlatformTransactionManager' (OnClassCondition)

   TransactionAutoConfiguration.EnableTransactionManagementConfiguration matched:
      - @ConditionalOnBean (types: org.springframework.transaction.TransactionManager; SearchStrategy: all) found bean 'transactionManager'; @ConditionalOnMissingBean (types: org.springframework.transaction.annotation.AbstractTransactionManagementConfiguration; SearchStrategy: all) did not find any beans (OnBeanCondition)

   TransactionAutoConfiguration.EnableTransactionManagementConfiguration.CglibAutoProxyConfiguration matched:
      - @ConditionalOnProperty (spring.aop.proxy-target-class=true) matched (OnPropertyCondition)

   TransactionAutoConfiguration.TransactionTemplateConfiguration matched:
      - @ConditionalOnSingleCandidate (types: org.springframework.transaction.PlatformTransactionManager; SearchStrategy: all) found a single bean 'transactionManager' (OnBeanCondition)

   TransactionAutoConfiguration.TransactionTemplateConfiguration#transactionTemplate matched:
      - @ConditionalOnMissingBean (types: org.springframework.transaction.support.TransactionOperations; SearchStrategy: all) did not find any beans (OnBeanCondition)

   TransactionManagerCustomizationAutoConfiguration matched:
      - @ConditionalOnClass found required class 'org.springframework.transaction.PlatformTransactionManager' (OnClassCondition)

   TransactionManagerCustomizationAutoConfiguration#platformTransactionManagerCustomizers matched:
      - @ConditionalOnMissingBean (types: org.springframework.boot.autoconfigure.transaction.TransactionManagerCustomizers; SearchStrategy: all) did not find any beans (OnBeanCondition)

   ValidationAutoConfiguration matched:
      - @ConditionalOnClass found required class 'jakarta.validation.executable.ExecutableValidator' (OnClassCondition)
      - @ConditionalOnResource found location classpath:META-INF/services/jakarta.validation.spi.ValidationProvider (OnResourceCondition)

   ValidationAutoConfiguration#defaultValidator matched:
      - @ConditionalOnMissingBean (types: jakarta.validation.Validator; SearchStrategy: all) did not find any beans (OnBeanCondition)

   ValidationAutoConfiguration#methodValidationPostProcessor matched:
      - @ConditionalOnMissingBean (types: org.springframework.validation.beanvalidation.MethodValidationPostProcessor; SearchStrategy: current) did not find any beans (OnBeanCondition)

   WebMvcAutoConfiguration matched:
      - @ConditionalOnClass found required classes 'jakarta.servlet.Servlet', 'org.springframework.web.servlet.DispatcherServlet', 'org.springframework.web.servlet.config.annotation.WebMvcConfigurer' (OnClassCondition)
      - found 'session' scope (OnWebApplicationCondition)
      - @ConditionalOnMissingBean (types: org.springframework.web.servlet.config.annotation.WebMvcConfigurationSupport; SearchStrategy: all) did not find any beans (OnBeanCondition)

   WebMvcAutoConfiguration#formContentFilter matched:
      - @ConditionalOnProperty (spring.mvc.formcontent.filter.enabled) matched (OnPropertyCondition)
      - @ConditionalOnMissingBean (types: org.springframework.web.filter.FormContentFilter; SearchStrategy: all) did not find any beans (OnBeanCondition)

   WebMvcAutoConfiguration.EnableWebMvcConfiguration#flashMapManager matched:
      - @ConditionalOnMissingBean (names: flashMapManager; SearchStrategy: all) did not find any beans (OnBeanCondition)

   WebMvcAutoConfiguration.EnableWebMvcConfiguration#localeResolver matched:
      - @ConditionalOnMissingBean (names: localeResolver; SearchStrategy: all) did not find any beans (OnBeanCondition)

   WebMvcAutoConfiguration.EnableWebMvcConfiguration#themeResolver matched:
      - @ConditionalOnMissingBean (names: themeResolver; SearchStrategy: all) did not find any beans (OnBeanCondition)

   WebMvcAutoConfiguration.WebMvcAutoConfigurationAdapter#defaultViewResolver matched:
      - @ConditionalOnMissingBean (types: org.springframework.web.servlet.view.InternalResourceViewResolver; SearchStrategy: all) did not find any beans (OnBeanCondition)

   WebMvcAutoConfiguration.WebMvcAutoConfigurationAdapter#requestContextFilter matched:
      - @ConditionalOnMissingBean (types: org.springframework.web.context.request.RequestContextListener,org.springframework.web.filter.RequestContextFilter; SearchStrategy: all) did not find any beans (OnBeanCondition)

   WebMvcAutoConfiguration.WebMvcAutoConfigurationAdapter#viewResolver matched:
      - @ConditionalOnBean (types: org.springframework.web.servlet.ViewResolver; SearchStrategy: all) found beans 'defaultViewResolver', 'beanNameViewResolver', 'mvcViewResolver'; @ConditionalOnMissingBean (names: viewResolver types: org.springframework.web.servlet.view.ContentNegotiatingViewResolver; SearchStrategy: all) did not find any beans (OnBeanCondition)

   WebSocketMessagingAutoConfiguration matched:
      - @ConditionalOnClass found required class 'org.springframework.web.socket.config.annotation.WebSocketMessageBrokerConfigurer' (OnClassCondition)
      - found 'session' scope (OnWebApplicationCondition)

   WebSocketServletAutoConfiguration matched:
      - @ConditionalOnClass found required classes 'jakarta.servlet.Servlet', 'jakarta.websocket.server.ServerContainer' (OnClassCondition)
      - found 'session' scope (OnWebApplicationCondition)

   WebSocketServletAutoConfiguration.TomcatWebSocketConfiguration matched:
      - @ConditionalOnClass found required classes 'org.apache.catalina.startup.Tomcat', 'org.apache.tomcat.websocket.server.WsSci' (OnClassCondition)

   WebSocketServletAutoConfiguration.TomcatWebSocketConfiguration#websocketServletWebServerCustomizer matched:
      - @ConditionalOnMissingBean (names: websocketServletWebServerCustomizer; SearchStrategy: all) did not find any beans (OnBeanCondition)


Negative matches:
-----------------

   ActiveMQAutoConfiguration:
      Did not match:
         - @ConditionalOnClass did not find required class 'jakarta.jms.ConnectionFactory' (OnClassCondition)

   AopAutoConfiguration.AspectJAutoProxyingConfiguration.JdkDynamicAutoProxyConfiguration:
      Did not match:
         - @ConditionalOnProperty (spring.aop.proxy-target-class=false) did not find property 'proxy-target-class' (OnPropertyCondition)

   AopAutoConfiguration.ClassProxyingConfiguration:
      Did not match:
         - @ConditionalOnMissingClass found unwanted class 'org.aspectj.weaver.Advice' (OnClassCondition)

   ArtemisAutoConfiguration:
      Did not match:
         - @ConditionalOnClass did not find required class 'jakarta.jms.ConnectionFactory' (OnClassCondition)

   BatchAutoConfiguration:
      Did not match:
         - @ConditionalOnClass did not find required class 'org.springframework.batch.core.launch.JobLauncher' (OnClassCondition)

   Cache2kCacheConfiguration:
      Did not match:
         - @ConditionalOnClass did not find required class 'org.cache2k.Cache2kBuilder' (OnClassCondition)

   CacheAutoConfiguration:
      Did not match:
         - @ConditionalOnBean (types: org.springframework.cache.interceptor.CacheAspectSupport; SearchStrategy: all) did not find any beans of type org.springframework.cache.interceptor.CacheAspectSupport (OnBeanCondition)
      Matched:
         - @ConditionalOnClass found required class 'org.springframework.cache.CacheManager' (OnClassCondition)

   CacheAutoConfiguration.CacheManagerEntityManagerFactoryDependsOnPostProcessor:
      Did not match:
         - Ancestor org.springframework.boot.autoconfigure.cache.CacheAutoConfiguration did not match (ConditionEvaluationReport.AncestorsMatchedCondition)
      Matched:
         - @ConditionalOnClass found required class 'org.springframework.orm.jpa.LocalContainerEntityManagerFactoryBean' (OnClassCondition)

   CaffeineCacheConfiguration:
      Did not match:
         - @ConditionalOnClass did not find required class 'com.github.benmanes.caffeine.cache.Caffeine' (OnClassCondition)

   CassandraAutoConfiguration:
      Did not match:
         - @ConditionalOnClass did not find required class 'com.datastax.oss.driver.api.core.CqlSession' (OnClassCondition)

   CassandraDataAutoConfiguration:
      Did not match:
         - @ConditionalOnClass did not find required class 'com.datastax.oss.driver.api.core.CqlSession' (OnClassCondition)

   CassandraReactiveDataAutoConfiguration:
      Did not match:
         - @ConditionalOnClass did not find required class 'com.datastax.oss.driver.api.core.CqlSession' (OnClassCondition)

   CassandraReactiveRepositoriesAutoConfiguration:
      Did not match:
         - @ConditionalOnClass did not find required class 'org.springframework.data.cassandra.ReactiveSession' (OnClassCondition)

   CassandraRepositoriesAutoConfiguration:
      Did not match:
         - @ConditionalOnClass did not find required class 'com.datastax.oss.driver.api.core.CqlSession' (OnClassCondition)

   ClientHttpConnectorAutoConfiguration:
      Did not match:
         - @ConditionalOnClass did not find required class 'org.springframework.web.reactive.function.client.WebClient' (OnClassCondition)

   CodecsAutoConfiguration:
      Did not match:
         - @ConditionalOnClass did not find required class 'org.springframework.web.reactive.function.client.WebClient' (OnClassCondition)

   CouchbaseAutoConfiguration:
      Did not match:
         - @ConditionalOnClass did not find required class 'com.couchbase.client.java.Cluster' (OnClassCondition)

   CouchbaseCacheConfiguration:
      Did not match:
         - @ConditionalOnClass did not find required class 'com.couchbase.client.java.Cluster' (OnClassCondition)

   CouchbaseDataAutoConfiguration:
      Did not match:
         - @ConditionalOnClass did not find required class 'com.couchbase.client.java.Bucket' (OnClassCondition)

   CouchbaseReactiveDataAutoConfiguration:
      Did not match:
         - @ConditionalOnClass did not find required class 'com.couchbase.client.java.Cluster' (OnClassCondition)

   CouchbaseReactiveRepositoriesAutoConfiguration:
      Did not match:
         - @ConditionalOnClass did not find required class 'com.couchbase.client.java.Cluster' (OnClassCondition)

   CouchbaseRepositoriesAutoConfiguration:
      Did not match:
         - @ConditionalOnClass did not find required class 'com.couchbase.client.java.Bucket' (OnClassCondition)

   DataSourceAutoConfiguration.EmbeddedDatabaseConfiguration:
      Did not match:
         - EmbeddedDataSource spring.datasource.url is set (DataSourceAutoConfiguration.EmbeddedDatabaseCondition)

   DataSourceCheckpointRestoreConfiguration:
      Did not match:
         - @ConditionalOnClass did not find required class 'org.crac.Resource' (OnClassCondition)

   DataSourceConfiguration.Dbcp2:
      Did not match:
         - @ConditionalOnClass did not find required class 'org.apache.commons.dbcp2.BasicDataSource' (OnClassCondition)

   DataSourceConfiguration.Generic:
      Did not match:
         - @ConditionalOnProperty (spring.datasource.type) did not find property 'spring.datasource.type' (OnPropertyCondition)

   DataSourceConfiguration.OracleUcp:
      Did not match:
         - @ConditionalOnClass did not find required classes 'oracle.ucp.jdbc.PoolDataSourceImpl', 'oracle.jdbc.OracleConnection' (OnClassCondition)

   DataSourceConfiguration.Tomcat:
      Did not match:
         - @ConditionalOnClass did not find required class 'org.apache.tomcat.jdbc.pool.DataSource' (OnClassCondition)

   DataSourceJmxConfiguration:
      Did not match:
         - @ConditionalOnProperty (spring.jmx.enabled=true) found different value in property 'enabled' (OnPropertyCondition)

   DataSourcePoolMetadataProvidersConfiguration.CommonsDbcp2PoolDataSourceMetadataProviderConfiguration:
      Did not match:
         - @ConditionalOnClass did not find required class 'org.apache.commons.dbcp2.BasicDataSource' (OnClassCondition)

   DataSourcePoolMetadataProvidersConfiguration.OracleUcpPoolDataSourceMetadataProviderConfiguration:
      Did not match:
         - @ConditionalOnClass did not find required classes 'oracle.ucp.jdbc.PoolDataSource', 'oracle.jdbc.OracleConnection' (OnClassCondition)

   DataSourcePoolMetadataProvidersConfiguration.TomcatDataSourcePoolMetadataProviderConfiguration:
      Did not match:
         - @ConditionalOnClass did not find required class 'org.apache.tomcat.jdbc.pool.DataSource' (OnClassCondition)

   DataSourceTransactionManagerAutoConfiguration.JdbcTransactionManagerConfiguration#transactionManager:
      Did not match:
         - @ConditionalOnMissingBean (types: org.springframework.transaction.TransactionManager; SearchStrategy: all) found beans of type 'org.springframework.transaction.TransactionManager' transactionManager (OnBeanCondition)

   DispatcherServletAutoConfiguration.DispatcherServletConfiguration#multipartResolver:
      Did not match:
         - @ConditionalOnBean (types: org.springframework.web.multipart.MultipartResolver; SearchStrategy: all) did not find any beans of type org.springframework.web.multipart.MultipartResolver (OnBeanCondition)

   ElasticsearchClientAutoConfiguration:
      Did not match:
         - @ConditionalOnClass did not find required class 'co.elastic.clients.elasticsearch.ElasticsearchClient' (OnClassCondition)

   ElasticsearchDataAutoConfiguration:
      Did not match:
         - @ConditionalOnClass did not find required class 'org.springframework.data.elasticsearch.client.elc.ElasticsearchTemplate' (OnClassCondition)

   ElasticsearchRepositoriesAutoConfiguration:
      Did not match:
         - @ConditionalOnClass did not find required class 'org.springframework.data.elasticsearch.repository.ElasticsearchRepository' (OnClassCondition)

   ElasticsearchRestClientAutoConfiguration:
      Did not match:
         - @ConditionalOnClass did not find required class 'org.elasticsearch.client.RestClientBuilder' (OnClassCondition)

   EmbeddedLdapAutoConfiguration:
      Did not match:
         - @ConditionalOnClass did not find required class 'com.unboundid.ldap.listener.InMemoryDirectoryServer' (OnClassCondition)

   EmbeddedWebServerFactoryCustomizerAutoConfiguration:
      Did not match:
         - Application is deployed as a WAR file. (OnWarDeploymentCondition)
      Matched:
         - @ConditionalOnWebApplication (required) found 'session' scope (OnWebApplicationCondition)

   ErrorWebFluxAutoConfiguration:
      Did not match:
         - @ConditionalOnClass did not find required class 'org.springframework.web.reactive.config.WebFluxConfigurer' (OnClassCondition)

   FlywayAutoConfiguration:
      Did not match:
         - @ConditionalOnClass did not find required class 'org.flywaydb.core.Flyway' (OnClassCondition)

   FreeMarkerAutoConfiguration:
      Did not match:
         - @ConditionalOnClass did not find required class 'freemarker.template.Configuration' (OnClassCondition)

   GraphQlAutoConfiguration:
      Did not match:
         - @ConditionalOnClass did not find required class 'graphql.GraphQL' (OnClassCondition)

   GraphQlQueryByExampleAutoConfiguration:
      Did not match:
         - @ConditionalOnClass did not find required class 'graphql.GraphQL' (OnClassCondition)

   GraphQlQuerydslAutoConfiguration:
      Did not match:
         - @ConditionalOnClass did not find required class 'com.querydsl.core.Query' (OnClassCondition)

   GraphQlRSocketAutoConfiguration:
      Did not match:
         - @ConditionalOnClass did not find required class 'graphql.GraphQL' (OnClassCondition)

   GraphQlReactiveQueryByExampleAutoConfiguration:
      Did not match:
         - @ConditionalOnClass did not find required class 'graphql.GraphQL' (OnClassCondition)

   GraphQlReactiveQuerydslAutoConfiguration:
      Did not match:
         - @ConditionalOnClass did not find required class 'com.querydsl.core.Query' (OnClassCondition)

   GraphQlWebFluxAutoConfiguration:
      Did not match:
         - @ConditionalOnClass did not find required class 'graphql.GraphQL' (OnClassCondition)

   GraphQlWebFluxSecurityAutoConfiguration:
      Did not match:
         - @ConditionalOnClass did not find required class 'graphql.GraphQL' (OnClassCondition)

   GraphQlWebMvcAutoConfiguration:
      Did not match:
         - @ConditionalOnClass did not find required class 'graphql.GraphQL' (OnClassCondition)

   GraphQlWebMvcSecurityAutoConfiguration:
      Did not match:
         - @ConditionalOnClass did not find required class 'graphql.GraphQL' (OnClassCondition)

   GroovyTemplateAutoConfiguration:
      Did not match:
         - @ConditionalOnClass did not find required class 'groovy.text.markup.MarkupTemplateEngine' (OnClassCondition)

   GsonAutoConfiguration:
      Did not match:
         - @ConditionalOnClass did not find required class 'com.google.gson.Gson' (OnClassCondition)

   GsonHttpMessageConvertersConfiguration:
      Did not match:
         - @ConditionalOnClass did not find required class 'com.google.gson.Gson' (OnClassCondition)

   H2ConsoleAutoConfiguration:
      Did not match:
         - @ConditionalOnClass did not find required class 'org.h2.server.web.JakartaWebServlet' (OnClassCondition)

   HazelcastAutoConfiguration:
      Did not match:
         - @ConditionalOnClass did not find required class 'com.hazelcast.core.HazelcastInstance' (OnClassCondition)

   HazelcastCacheConfiguration:
      Did not match:
         - @ConditionalOnClass did not find required class 'com.hazelcast.core.HazelcastInstance' (OnClassCondition)

   HazelcastJpaDependencyAutoConfiguration:
      Did not match:
         - @ConditionalOnClass did not find required class 'com.hazelcast.core.HazelcastInstance' (OnClassCondition)

   HttpHandlerAutoConfiguration:
      Did not match:
         - @ConditionalOnClass did not find required class 'org.springframework.web.reactive.DispatcherHandler' (OnClassCondition)

   HypermediaAutoConfiguration:
      Did not match:
         - @ConditionalOnClass did not find required class 'org.springframework.hateoas.EntityModel' (OnClassCondition)

   InfinispanCacheConfiguration:
      Did not match:
         - @ConditionalOnClass did not find required class 'org.infinispan.spring.embedded.provider.SpringEmbeddedCacheManager' (OnClassCondition)

   InfluxDbAutoConfiguration:
      Did not match:
         - @ConditionalOnClass did not find required class 'org.influxdb.InfluxDB' (OnClassCondition)

   IntegrationAutoConfiguration:
      Did not match:
         - @ConditionalOnClass did not find required class 'org.springframework.integration.config.EnableIntegration' (OnClassCondition)

   JCacheCacheConfiguration:
      Did not match:
         - @ConditionalOnClass did not find required class 'javax.cache.Caching' (OnClassCondition)

   JacksonHttpMessageConvertersConfiguration.MappingJackson2XmlHttpMessageConverterConfiguration:
      Did not match:
         - @ConditionalOnClass did not find required class 'com.fasterxml.jackson.dataformat.xml.XmlMapper' (OnClassCondition)

   JdbcRepositoriesAutoConfiguration:
      Did not match:
         - @ConditionalOnClass did not find required class 'org.springframework.data.jdbc.repository.config.AbstractJdbcConfiguration' (OnClassCondition)

   JerseyAutoConfiguration:
      Did not match:
         - @ConditionalOnClass did not find required class 'org.glassfish.jersey.server.spring.SpringComponentProvider' (OnClassCondition)

   JmsAutoConfiguration:
      Did not match:
         - @ConditionalOnClass did not find required class 'jakarta.jms.Message' (OnClassCondition)

   JmxAutoConfiguration:
      Did not match:
         - @ConditionalOnProperty (spring.jmx.enabled=true) found different value in property 'enabled' (OnPropertyCondition)
      Matched:
         - @ConditionalOnClass found required class 'org.springframework.jmx.export.MBeanExporter' (OnClassCondition)

   JndiConnectionFactoryAutoConfiguration:
      Did not match:
         - @ConditionalOnClass did not find required class 'org.springframework.jms.core.JmsTemplate' (OnClassCondition)

   JndiDataSourceAutoConfiguration:
      Did not match:
         - @ConditionalOnProperty (spring.datasource.jndi-name) did not find property 'jndi-name' (OnPropertyCondition)
      Matched:
         - @ConditionalOnClass found required classes 'javax.sql.DataSource', 'org.springframework.jdbc.datasource.embedded.EmbeddedDatabaseType' (OnClassCondition)

   JndiJtaConfiguration:
      Did not match:
         - @ConditionalOnJndi JNDI environment is not available (OnJndiCondition)
      Matched:
         - @ConditionalOnClass found required class 'org.springframework.transaction.jta.JtaTransactionManager' (OnClassCondition)

   JooqAutoConfiguration:
      Did not match:
         - @ConditionalOnClass did not find required class 'org.jooq.DSLContext' (OnClassCondition)

   JpaBaseConfiguration.JpaWebConfiguration:
      Did not match:
         - @ConditionalOnProperty (spring.jpa.open-in-view=true) found different value in property 'open-in-view' (OnPropertyCondition)
      Matched:
         - @ConditionalOnClass found required class 'org.springframework.web.servlet.config.annotation.WebMvcConfigurer' (OnClassCondition)
         - found 'session' scope (OnWebApplicationCondition)

   JpaRepositoriesAutoConfiguration#entityManagerFactoryBootstrapExecutorCustomizer:
      Did not match:
         - AnyNestedCondition 0 matched 2 did not; NestedCondition on JpaRepositoriesAutoConfiguration.BootstrapExecutorCondition.LazyBootstrapMode @ConditionalOnProperty (spring.data.jpa.repositories.bootstrap-mode=lazy) did not find property 'bootstrap-mode'; NestedCondition on JpaRepositoriesAutoConfiguration.BootstrapExecutorCondition.DeferredBootstrapMode @ConditionalOnProperty (spring.data.jpa.repositories.bootstrap-mode=deferred) did not find property 'bootstrap-mode' (JpaRepositoriesAutoConfiguration.BootstrapExecutorCondition)

   JsonbAutoConfiguration:
      Did not match:
         - @ConditionalOnClass did not find required class 'jakarta.json.bind.Jsonb' (OnClassCondition)

   JsonbHttpMessageConvertersConfiguration:
      Did not match:
         - @ConditionalOnClass did not find required class 'jakarta.json.bind.Jsonb' (OnClassCondition)

   KafkaAutoConfiguration:
      Did not match:
         - @ConditionalOnClass did not find required class 'org.springframework.kafka.core.KafkaTemplate' (OnClassCondition)

   LdapAutoConfiguration:
      Did not match:
         - @ConditionalOnClass did not find required class 'org.springframework.ldap.core.ContextSource' (OnClassCondition)

   LdapRepositoriesAutoConfiguration:
      Did not match:
         - @ConditionalOnClass did not find required class 'org.springframework.data.ldap.repository.LdapRepository' (OnClassCondition)

   LiquibaseAutoConfiguration:
      Did not match:
         - @ConditionalOnClass did not find required class 'liquibase.change.DatabaseChange' (OnClassCondition)

   MailSenderAutoConfiguration:
      Did not match:
         - @ConditionalOnClass did not find required class 'jakarta.mail.internet.MimeMessage' (OnClassCondition)

   MailSenderValidatorAutoConfiguration:
      Did not match:
         - @ConditionalOnSingleCandidate did not find required type 'org.springframework.mail.javamail.JavaMailSenderImpl' (OnBeanCondition)

   MessageSourceAutoConfiguration:
      Did not match:
         - ResourceBundle did not find bundle with basename messages (MessageSourceAutoConfiguration.ResourceBundleCondition)

   MongoAutoConfiguration:
      Did not match:
         - @ConditionalOnClass did not find required class 'com.mongodb.client.MongoClient' (OnClassCondition)

   MongoDataAutoConfiguration:
      Did not match:
         - @ConditionalOnClass did not find required class 'com.mongodb.client.MongoClient' (OnClassCondition)

   MongoReactiveAutoConfiguration:
      Did not match:
         - @ConditionalOnClass did not find required class 'com.mongodb.reactivestreams.client.MongoClient' (OnClassCondition)

   MongoReactiveDataAutoConfiguration:
      Did not match:
         - @ConditionalOnClass did not find required class 'com.mongodb.reactivestreams.client.MongoClient' (OnClassCondition)

   MongoReactiveRepositoriesAutoConfiguration:
      Did not match:
         - @ConditionalOnClass did not find required class 'com.mongodb.reactivestreams.client.MongoClient' (OnClassCondition)

   MongoRepositoriesAutoConfiguration:
      Did not match:
         - @ConditionalOnClass did not find required class 'com.mongodb.client.MongoClient' (OnClassCondition)

   MustacheAutoConfiguration:
      Did not match:
         - @ConditionalOnClass did not find required class 'com.samskivert.mustache.Mustache' (OnClassCondition)

   Neo4jAutoConfiguration:
      Did not match:
         - @ConditionalOnClass did not find required class 'org.neo4j.driver.Driver' (OnClassCondition)

   Neo4jDataAutoConfiguration:
      Did not match:
         - @ConditionalOnClass did not find required class 'org.neo4j.driver.Driver' (OnClassCondition)

   Neo4jReactiveDataAutoConfiguration:
      Did not match:
         - @ConditionalOnClass did not find required class 'org.neo4j.driver.Driver' (OnClassCondition)

   Neo4jReactiveRepositoriesAutoConfiguration:
      Did not match:
         - @ConditionalOnClass did not find required class 'org.neo4j.driver.Driver' (OnClassCondition)

   Neo4jRepositoriesAutoConfiguration:
      Did not match:
         - @ConditionalOnClass did not find required class 'org.neo4j.driver.Driver' (OnClassCondition)

   NettyAutoConfiguration:
      Did not match:
         - @ConditionalOnClass did not find required class 'io.netty.util.NettyRuntime' (OnClassCondition)

   OAuth2AuthorizationServerAutoConfiguration:
      Did not match:
         - @ConditionalOnClass did not find required class 'org.springframework.security.oauth2.server.authorization.OAuth2Authorization' (OnClassCondition)

   OAuth2AuthorizationServerJwtAutoConfiguration:
      Did not match:
         - @ConditionalOnClass did not find required class 'org.springframework.security.oauth2.server.authorization.OAuth2Authorization' (OnClassCondition)

   OAuth2ClientAutoConfiguration:
      Did not match:
         - @ConditionalOnClass did not find required class 'org.springframework.security.oauth2.client.registration.ClientRegistration' (OnClassCondition)

   OAuth2ResourceServerAutoConfiguration:
      Did not match:
         - @ConditionalOnClass did not find required class 'org.springframework.security.oauth2.server.resource.authentication.BearerTokenAuthenticationToken' (OnClassCondition)

   ProjectInfoAutoConfiguration#buildProperties:
      Did not match:
         - @ConditionalOnResource did not find resource '${spring.info.build.location:classpath:META-INF/build-info.properties}' (OnResourceCondition)

   ProjectInfoAutoConfiguration#gitProperties:
      Did not match:
         - GitResource did not find git info at classpath:git.properties (ProjectInfoAutoConfiguration.GitResourceAvailableCondition)

   PulsarAutoConfiguration:
      Did not match:
         - @ConditionalOnClass did not find required class 'org.apache.pulsar.client.api.PulsarClient' (OnClassCondition)

   PulsarReactiveAutoConfiguration:
      Did not match:
         - @ConditionalOnClass did not find required class 'org.apache.pulsar.client.api.PulsarClient' (OnClassCondition)

   QuartzAutoConfiguration:
      Did not match:
         - @ConditionalOnClass did not find required class 'org.quartz.Scheduler' (OnClassCondition)

   R2dbcAutoConfiguration:
      Did not match:
         - @ConditionalOnClass did not find required class 'io.r2dbc.spi.ConnectionFactory' (OnClassCondition)

   R2dbcDataAutoConfiguration:
      Did not match:
         - @ConditionalOnClass did not find required class 'org.springframework.data.r2dbc.core.R2dbcEntityTemplate' (OnClassCondition)

   R2dbcInitializationConfiguration:
      Did not match:
         - @ConditionalOnClass did not find required classes 'io.r2dbc.spi.ConnectionFactory', 'org.springframework.r2dbc.connection.init.DatabasePopulator' (OnClassCondition)

   R2dbcRepositoriesAutoConfiguration:
      Did not match:
         - @ConditionalOnClass did not find required class 'io.r2dbc.spi.ConnectionFactory' (OnClassCondition)

   R2dbcTransactionManagerAutoConfiguration:
      Did not match:
         - @ConditionalOnClass did not find required class 'org.springframework.r2dbc.connection.R2dbcTransactionManager' (OnClassCondition)

   RSocketGraphQlClientAutoConfiguration:
      Did not match:
         - @ConditionalOnClass did not find required class 'graphql.GraphQL' (OnClassCondition)

   RSocketMessagingAutoConfiguration:
      Did not match:
         - @ConditionalOnClass did not find required class 'io.rsocket.RSocket' (OnClassCondition)

   RSocketRequesterAutoConfiguration:
      Did not match:
         - @ConditionalOnClass did not find required class 'io.rsocket.RSocket' (OnClassCondition)

   RSocketSecurityAutoConfiguration:
      Did not match:
         - @ConditionalOnClass did not find required class 'org.springframework.security.rsocket.core.SecuritySocketAcceptorInterceptor' (OnClassCondition)

   RSocketServerAutoConfiguration:
      Did not match:
         - @ConditionalOnClass did not find required class 'io.rsocket.core.RSocketServer' (OnClassCondition)

   RSocketStrategiesAutoConfiguration:
      Did not match:
         - @ConditionalOnClass did not find required class 'io.netty.buffer.PooledByteBufAllocator' (OnClassCondition)

   RabbitAutoConfiguration:
      Did not match:
         - @ConditionalOnClass did not find required class 'com.rabbitmq.client.Channel' (OnClassCondition)

   ReactiveElasticsearchClientAutoConfiguration:
      Did not match:
         - @ConditionalOnClass did not find required class 'co.elastic.clients.transport.ElasticsearchTransport' (OnClassCondition)

   ReactiveElasticsearchRepositoriesAutoConfiguration:
      Did not match:
         - @ConditionalOnClass did not find required class 'reactor.core.publisher.Mono' (OnClassCondition)

   ReactiveMultipartAutoConfiguration:
      Did not match:
         - @ConditionalOnClass did not find required class 'org.springframework.web.reactive.config.WebFluxConfigurer' (OnClassCondition)

   ReactiveOAuth2ClientAutoConfiguration:
      Did not match:
         - @ConditionalOnClass did not find required class 'reactor.core.publisher.Flux' (OnClassCondition)

   ReactiveOAuth2ResourceServerAutoConfiguration:
      Did not match:
         - @ConditionalOnWebApplication did not find reactive web application classes (OnWebApplicationCondition)

   ReactiveSecurityAutoConfiguration:
      Did not match:
         - @ConditionalOnClass did not find required class 'reactor.core.publisher.Flux' (OnClassCondition)

   ReactiveUserDetailsServiceAutoConfiguration:
      Did not match:
         - AnyNestedCondition 0 matched 2 did not; NestedCondition on ReactiveUserDetailsServiceAutoConfiguration.RSocketEnabledOrReactiveWebApplication.ReactiveWebApplicationCondition did not find reactive web application classes; NestedCondition on ReactiveUserDetailsServiceAutoConfiguration.RSocketEnabledOrReactiveWebApplication.RSocketSecurityEnabledCondition @ConditionalOnBean (types: org.springframework.messaging.rsocket.annotation.support.RSocketMessageHandler; SearchStrategy: all) did not find any beans of type org.springframework.messaging.rsocket.annotation.support.RSocketMessageHandler (ReactiveUserDetailsServiceAutoConfiguration.RSocketEnabledOrReactiveWebApplication)
      Matched:
         - @ConditionalOnClass found required class 'org.springframework.security.authentication.ReactiveAuthenticationManager' (OnClassCondition)
         - AnyNestedCondition 1 matched 2 did not; NestedCondition on ReactiveUserDetailsServiceAutoConfiguration.MissingAlternativeOrUserPropertiesConfigured.PasswordConfigured @ConditionalOnProperty (spring.security.user.password) did not find property 'password'; NestedCondition on ReactiveUserDetailsServiceAutoConfiguration.MissingAlternativeOrUserPropertiesConfigured.NameConfigured @ConditionalOnProperty (spring.security.user.name) did not find property 'name'; NestedCondition on ReactiveUserDetailsServiceAutoConfiguration.MissingAlternativeOrUserPropertiesConfigured.MissingAlternative @ConditionalOnMissingClass did not find unwanted classes 'org.springframework.security.oauth2.client.registration.ClientRegistrationRepository', 'org.springframework.security.oauth2.server.resource.introspection.ReactiveOpaqueTokenIntrospector' (ReactiveUserDetailsServiceAutoConfiguration.MissingAlternativeOrUserPropertiesConfigured)

   ReactiveWebServerFactoryAutoConfiguration:
      Did not match:
         - @ConditionalOnWebApplication did not find reactive web application classes (OnWebApplicationCondition)

   ReactorAutoConfiguration:
      Did not match:
         - @ConditionalOnClass did not find required class 'reactor.core.publisher.Hooks' (OnClassCondition)

   RedisAutoConfiguration:
      Did not match:
         - @ConditionalOnClass did not find required class 'org.springframework.data.redis.core.RedisOperations' (OnClassCondition)

   RedisCacheConfiguration:
      Did not match:
         - @ConditionalOnClass did not find required class 'org.springframework.data.redis.connection.RedisConnectionFactory' (OnClassCondition)

   RedisReactiveAutoConfiguration:
      Did not match:
         - @ConditionalOnClass did not find required class 'reactor.core.publisher.Flux' (OnClassCondition)

   RedisRepositoriesAutoConfiguration:
      Did not match:
         - @ConditionalOnClass did not find required class 'org.springframework.data.redis.repository.configuration.EnableRedisRepositories' (OnClassCondition)

   RepositoryRestMvcAutoConfiguration:
      Did not match:
         - @ConditionalOnClass did not find required class 'org.springframework.data.rest.webmvc.config.RepositoryRestMvcConfiguration' (OnClassCondition)

   Saml2RelyingPartyAutoConfiguration:
      Did not match:
         - @ConditionalOnClass did not find required class 'org.springframework.security.saml2.provider.service.registration.RelyingPartyRegistrationRepository' (OnClassCondition)

   SecurityDataConfiguration:
      Did not match:
         - @ConditionalOnClass did not find required class 'org.springframework.security.data.repository.query.SecurityEvaluationContextExtension' (OnClassCondition)

   SendGridAutoConfiguration:
      Did not match:
         - @ConditionalOnClass did not find required class 'com.sendgrid.SendGrid' (OnClassCondition)

   ServletWebServerFactoryAutoConfiguration.ForwardedHeaderFilterConfiguration:
      Did not match:
         - @ConditionalOnProperty (server.forward-headers-strategy=framework) did not find property 'server.forward-headers-strategy' (OnPropertyCondition)

   ServletWebServerFactoryConfiguration.EmbeddedJetty:
      Did not match:
         - @ConditionalOnClass did not find required classes 'org.eclipse.jetty.server.Server', 'org.eclipse.jetty.util.Loader', 'org.eclipse.jetty.ee10.webapp.WebAppContext' (OnClassCondition)

   ServletWebServerFactoryConfiguration.EmbeddedUndertow:
      Did not match:
         - @ConditionalOnClass did not find required classes 'io.undertow.Undertow', 'org.xnio.SslClientAuthMode' (OnClassCondition)

   SessionAutoConfiguration:
      Did not match:
         - @ConditionalOnClass did not find required class 'org.springframework.session.Session' (OnClassCondition)

   SpringApplicationAdminJmxAutoConfiguration:
      Did not match:
         - @ConditionalOnProperty (spring.application.admin.enabled=true) did not find property 'enabled' (OnPropertyCondition)

   SpringBootWebSecurityConfiguration.SecurityFilterChainConfiguration:
      Did not match:
         - AllNestedConditions 1 matched 1 did not; NestedCondition on DefaultWebSecurityCondition.Beans @ConditionalOnMissingBean (types: org.springframework.security.web.SecurityFilterChain; SearchStrategy: all) found beans of type 'org.springframework.security.web.SecurityFilterChain' filterChain; NestedCondition on DefaultWebSecurityCondition.Classes @ConditionalOnClass found required classes 'org.springframework.security.web.SecurityFilterChain', 'org.springframework.security.config.annotation.web.builders.HttpSecurity' (DefaultWebSecurityCondition)

   SpringBootWebSecurityConfiguration.WebSecurityEnablerConfiguration:
      Did not match:
         - @ConditionalOnMissingBean (names: springSecurityFilterChain; SearchStrategy: all) found beans named springSecurityFilterChain (OnBeanCondition)
      Matched:
         - @ConditionalOnClass found required class 'org.springframework.security.config.annotation.web.configuration.EnableWebSecurity' (OnClassCondition)

   TaskExecutorConfigurations.SimpleAsyncTaskExecutorBuilderConfiguration#simpleAsyncTaskExecutorBuilderVirtualThreads:
      Did not match:
         - @ConditionalOnMissingBean (types: org.springframework.boot.task.SimpleAsyncTaskExecutorBuilder; SearchStrategy: all) found beans of type 'org.springframework.boot.task.SimpleAsyncTaskExecutorBuilder' simpleAsyncTaskExecutorBuilder (OnBeanCondition)

   TaskExecutorConfigurations.TaskExecutorConfiguration#applicationTaskExecutorVirtualThreads:
      Did not match:
         - @ConditionalOnThreading did not find VIRTUAL (OnThreadingCondition)

   TaskSchedulingConfigurations.SimpleAsyncTaskSchedulerBuilderConfiguration#simpleAsyncTaskSchedulerBuilderVirtualThreads:
      Did not match:
         - @ConditionalOnMissingBean (types: org.springframework.boot.task.SimpleAsyncTaskSchedulerBuilder; SearchStrategy: all) found beans of type 'org.springframework.boot.task.SimpleAsyncTaskSchedulerBuilder' simpleAsyncTaskSchedulerBuilder (OnBeanCondition)

   TaskSchedulingConfigurations.TaskSchedulerConfiguration#taskSchedulerVirtualThreads:
      Did not match:
         - @ConditionalOnThreading did not find VIRTUAL (OnThreadingCondition)

   ThymeleafAutoConfiguration:
      Did not match:
         - @ConditionalOnClass did not find required class 'org.thymeleaf.spring6.SpringTemplateEngine' (OnClassCondition)

   TransactionAutoConfiguration#transactionalOperator:
      Did not match:
         - @ConditionalOnSingleCandidate (types: org.springframework.transaction.ReactiveTransactionManager; SearchStrategy: all) did not find any beans (OnBeanCondition)

   TransactionAutoConfiguration.AspectJTransactionManagementConfiguration:
      Did not match:
         - @ConditionalOnBean (types: org.springframework.transaction.aspectj.AbstractTransactionAspect; SearchStrategy: all) did not find any beans of type org.springframework.transaction.aspectj.AbstractTransactionAspect (OnBeanCondition)

   TransactionAutoConfiguration.EnableTransactionManagementConfiguration.JdkDynamicAutoProxyConfiguration:
      Did not match:
         - @ConditionalOnProperty (spring.aop.proxy-target-class=false) did not find property 'proxy-target-class' (OnPropertyCondition)

   UserDetailsServiceAutoConfiguration:
      Did not match:
         - @ConditionalOnMissingBean (types: org.springframework.security.authentication.AuthenticationManager,org.springframework.security.authentication.AuthenticationProvider,org.springframework.security.core.userdetails.UserDetailsService,org.springframework.security.authentication.AuthenticationManagerResolver,org.springframework.security.oauth2.jwt.JwtDecoder; SearchStrategy: all) found beans of type 'org.springframework.security.authentication.AuthenticationManager' authenticationManager (OnBeanCondition)
      Matched:
         - @ConditionalOnClass found required class 'org.springframework.security.authentication.AuthenticationManager' (OnClassCondition)
         - AnyNestedCondition 1 matched 2 did not; NestedCondition on UserDetailsServiceAutoConfiguration.MissingAlternativeOrUserPropertiesConfigured.PasswordConfigured @ConditionalOnProperty (spring.security.user.password) did not find property 'password'; NestedCondition on UserDetailsServiceAutoConfiguration.MissingAlternativeOrUserPropertiesConfigured.NameConfigured @ConditionalOnProperty (spring.security.user.name) did not find property 'name'; NestedCondition on UserDetailsServiceAutoConfiguration.MissingAlternativeOrUserPropertiesConfigured.MissingAlternative @ConditionalOnMissingClass did not find unwanted classes 'org.springframework.security.oauth2.client.registration.ClientRegistrationRepository', 'org.springframework.security.oauth2.server.resource.introspection.OpaqueTokenIntrospector', 'org.springframework.security.saml2.provider.service.registration.RelyingPartyRegistrationRepository' (UserDetailsServiceAutoConfiguration.MissingAlternativeOrUserPropertiesConfigured)

   WebClientAutoConfiguration:
      Did not match:
         - @ConditionalOnClass did not find required class 'org.springframework.web.reactive.function.client.WebClient' (OnClassCondition)

   WebFluxAutoConfiguration:
      Did not match:
         - @ConditionalOnClass did not find required class 'org.springframework.web.reactive.config.WebFluxConfigurer' (OnClassCondition)

   WebMvcAutoConfiguration#hiddenHttpMethodFilter:
      Did not match:
         - @ConditionalOnProperty (spring.mvc.hiddenmethod.filter.enabled) did not find property 'enabled' (OnPropertyCondition)

   WebMvcAutoConfiguration.ProblemDetailsErrorHandlingConfiguration:
      Did not match:
         - @ConditionalOnProperty (spring.mvc.problemdetails.enabled=true) did not find property 'enabled' (OnPropertyCondition)

   WebMvcAutoConfiguration.ResourceChainCustomizerConfiguration:
      Did not match:
         - @ConditionalOnEnabledResourceChain did not find class org.webjars.WebJarAssetLocator (OnEnabledResourceChainCondition)

   WebMvcAutoConfiguration.WebMvcAutoConfigurationAdapter#beanNameViewResolver:
      Did not match:
         - @ConditionalOnMissingBean (types: org.springframework.web.servlet.view.BeanNameViewResolver; SearchStrategy: all) found beans of type 'org.springframework.web.servlet.view.BeanNameViewResolver' beanNameViewResolver (OnBeanCondition)

   WebServiceTemplateAutoConfiguration:
      Did not match:
         - @ConditionalOnClass did not find required class 'org.springframework.oxm.Marshaller' (OnClassCondition)

   WebServicesAutoConfiguration:
      Did not match:
         - @ConditionalOnClass did not find required class 'org.springframework.ws.transport.http.MessageDispatcherServlet' (OnClassCondition)

   WebSessionIdResolverAutoConfiguration:
      Did not match:
         - @ConditionalOnClass did not find required class 'reactor.core.publisher.Mono' (OnClassCondition)

   WebSocketMessagingAutoConfiguration.WebSocketMessageConverterConfiguration:
      Did not match:
         - @ConditionalOnBean (types: org.springframework.web.socket.config.annotation.DelegatingWebSocketMessageBrokerConfiguration,com.fasterxml.jackson.databind.ObjectMapper; SearchStrategy: all) did not find any beans of type org.springframework.web.socket.config.annotation.DelegatingWebSocketMessageBrokerConfiguration (OnBeanCondition)
      Matched:
         - @ConditionalOnClass found required classes 'com.fasterxml.jackson.databind.ObjectMapper', 'org.springframework.messaging.simp.config.AbstractMessageBrokerConfiguration' (OnClassCondition)

   WebSocketReactiveAutoConfiguration:
      Did not match:
         - @ConditionalOnWebApplication did not find reactive web application classes (OnWebApplicationCondition)

   WebSocketServletAutoConfiguration.JettyWebSocketConfiguration:
      Did not match:
         - @ConditionalOnClass did not find required class 'org.eclipse.jetty.ee10.websocket.jakarta.server.config.JakartaWebSocketServletContainerInitializer' (OnClassCondition)

   WebSocketServletAutoConfiguration.UndertowWebSocketConfiguration:
      Did not match:
         - @ConditionalOnClass did not find required class 'io.undertow.websockets.jsr.Bootstrap' (OnClassCondition)

   XADataSourceAutoConfiguration:
      Did not match:
         - @ConditionalOnBean (types: org.springframework.boot.jdbc.XADataSourceWrapper; SearchStrategy: all) did not find any beans of type org.springframework.boot.jdbc.XADataSourceWrapper (OnBeanCondition)
      Matched:
         - @ConditionalOnClass found required classes 'javax.sql.DataSource', 'jakarta.transaction.TransactionManager', 'org.springframework.jdbc.datasource.embedded.EmbeddedDatabaseType' (OnClassCondition)


Exclusions:
-----------

    None


Unconditional classes:
----------------------

    org.springframework.boot.autoconfigure.context.ConfigurationPropertiesAutoConfiguration

    org.springframework.boot.autoconfigure.ssl.SslAutoConfiguration

    org.springframework.boot.autoconfigure.context.LifecycleAutoConfiguration

    org.springframework.boot.autoconfigure.context.PropertyPlaceholderAutoConfiguration

    org.springframework.boot.autoconfigure.availability.ApplicationAvailabilityAutoConfiguration

    org.springframework.boot.autoconfigure.info.ProjectInfoAutoConfiguration



2026-06-23 17:50:59.121 [N/A] [] [main] INFO  c.t.demo.TaskmgmtApplicationTests - Started TaskmgmtApplicationTests in 21.339 seconds (process running for 24.269)
2026-06-23 17:50:59.121 [N/A] [] [main] DEBUG o.s.b.a.ApplicationAvailabilityBean - Application availability state LivenessState changed to CORRECT
2026-06-23 17:50:59.133 [N/A] [] [main] DEBUG o.s.b.a.ApplicationAvailabilityBean - Application availability state ReadinessState changed to ACCEPTING_TRAFFIC
2026-06-23 17:50:59.133 [N/A] [] [main] DEBUG o.springframework.test.context.cache - Spring test ApplicationContext cache statistics: [DefaultContextCache@2aa0622a size = 1, maxSize = 32, parentContextCount = 0, hitCount = 0, missCount = 1, failureCount = 0]
2026-06-23 17:50:59.133 [N/A] [] [main] DEBUG o.s.t.c.w.ServletTestExecutionListener - Setting up MockHttpServletRequest, MockHttpServletResponse, ServletWebRequest, and RequestContextHolder for test class com.telusko.demo.TaskmgmtApplicationTests
2026-06-23 17:50:59.164 [N/A] [] [main] DEBUG o.s.t.c.s.DependencyInjectionTestExecutionListener - Performing dependency injection for test class com.telusko.demo.TaskmgmtApplicationTests
2026-06-23 17:50:59.164 [N/A] [] [main] DEBUG o.springframework.test.context.cache - Spring test ApplicationContext cache statistics: [DefaultContextCache@2aa0622a size = 1, maxSize = 32, parentContextCount = 0, hitCount = 1, missCount = 1, failureCount = 0]
2026-06-23 17:50:59.177 [N/A] [] [main] DEBUG o.springframework.test.context.cache - Spring test ApplicationContext cache statistics: [DefaultContextCache@2aa0622a size = 1, maxSize = 32, parentContextCount = 0, hitCount = 2, missCount = 1, failureCount = 0]
2026-06-23 17:50:59.198 [N/A] [] [main] DEBUG o.s.t.c.s.DirtiesContextBeforeModesTestExecutionListener - Before test method: class [TaskmgmtApplicationTests], method [contextLoads], class annotated with @DirtiesContext [false] with mode [null], method annotated with @DirtiesContext [false] with mode [null]
2026-06-23 17:50:59.199 [N/A] [] [main] DEBUG o.springframework.test.context.cache - Spring test ApplicationContext cache statistics: [DefaultContextCache@2aa0622a size = 1, maxSize = 32, parentContextCount = 0, hitCount = 3, missCount = 1, failureCount = 0]
2026-06-23 17:50:59.199 [N/A] [] [main] DEBUG o.springframework.test.context.cache - Spring test ApplicationContext cache statistics: [DefaultContextCache@2aa0622a size = 1, maxSize = 32, parentContextCount = 0, hitCount = 4, missCount = 1, failureCount = 0]
2026-06-23 17:51:00.803 [N/A] [] [main] DEBUG o.springframework.test.context.cache - Spring test ApplicationContext cache statistics: [DefaultContextCache@2aa0622a size = 1, maxSize = 32, parentContextCount = 0, hitCount = 5, missCount = 1, failureCount = 0]
2026-06-23 17:51:00.838 [N/A] [] [main] DEBUG o.springframework.test.context.cache - Spring test ApplicationContext cache statistics: [DefaultContextCache@2aa0622a size = 1, maxSize = 32, parentContextCount = 0, hitCount = 6, missCount = 1, failureCount = 0]
2026-06-23 17:51:00.854 [N/A] [] [main] DEBUG o.springframework.test.context.cache - Spring test ApplicationContext cache statistics: [DefaultContextCache@2aa0622a size = 1, maxSize = 32, parentContextCount = 0, hitCount = 7, missCount = 1, failureCount = 0]
2026-06-23 17:51:00.854 [N/A] [] [main] DEBUG o.springframework.test.context.cache - Spring test ApplicationContext cache statistics: [DefaultContextCache@2aa0622a size = 1, maxSize = 32, parentContextCount = 0, hitCount = 8, missCount = 1, failureCount = 0]
2026-06-23 17:51:00.854 [N/A] [] [main] DEBUG o.springframework.test.context.cache - Spring test ApplicationContext cache statistics: [DefaultContextCache@2aa0622a size = 1, maxSize = 32, parentContextCount = 0, hitCount = 9, missCount = 1, failureCount = 0]
2026-06-23 17:51:00.854 [N/A] [] [main] DEBUG o.springframework.test.context.cache - Spring test ApplicationContext cache statistics: [DefaultContextCache@2aa0622a size = 1, maxSize = 32, parentContextCount = 0, hitCount = 10, missCount = 1, failureCount = 0]
2026-06-23 17:51:00.854 [N/A] [] [main] DEBUG o.springframework.test.context.cache - Spring test ApplicationContext cache statistics: [DefaultContextCache@2aa0622a size = 1, maxSize = 32, parentContextCount = 0, hitCount = 11, missCount = 1, failureCount = 0]
2026-06-23 17:51:00.854 [N/A] [] [main] DEBUG o.springframework.test.context.cache - Spring test ApplicationContext cache statistics: [DefaultContextCache@2aa0622a size = 1, maxSize = 32, parentContextCount = 0, hitCount = 12, missCount = 1, failureCount = 0]
2026-06-23 17:51:00.854 [N/A] [] [main] DEBUG o.s.t.c.s.DirtiesContextTestExecutionListener - After test method: class [TaskmgmtApplicationTests], method [contextLoads], class annotated with @DirtiesContext [false] with mode [null], method annotated with @DirtiesContext [false] with mode [null]
2026-06-23 17:51:00.854 [N/A] [] [main] DEBUG o.s.t.c.w.ServletTestExecutionListener - Resetting RequestContextHolder for test class com.telusko.demo.TaskmgmtApplicationTests
2026-06-23 17:51:00.896 [N/A] [] [main] DEBUG o.springframework.test.context.cache - Spring test ApplicationContext cache statistics: [DefaultContextCache@2aa0622a size = 1, maxSize = 32, parentContextCount = 0, hitCount = 13, missCount = 1, failureCount = 0]
2026-06-23 17:51:00.896 [N/A] [] [main] DEBUG o.s.t.c.s.DirtiesContextTestExecutionListener - After test class: class [TaskmgmtApplicationTests], class annotated with @DirtiesContext [false] with mode [null]
2026-06-23 17:51:01.130 [N/A] [] [SpringApplicationShutdownHook] DEBUG o.s.w.c.s.GenericWebApplicationContext - Closing org.springframework.web.context.support.GenericWebApplicationContext@1f443fae, started on Tue Jun 23 17:50:38 IST 2026
2026-06-23 17:51:01.130 [N/A] [] [SpringApplicationShutdownHook] DEBUG o.s.c.s.DefaultLifecycleProcessor - Stopping beans in phase 2147483647
2026-06-23 17:51:01.130 [N/A] [] [SpringApplicationShutdownHook] DEBUG o.s.c.s.DefaultLifecycleProcessor - Bean 'applicationTaskExecutor' completed its stop procedure
2026-06-23 17:51:01.130 [N/A] [] [SpringApplicationShutdownHook] DEBUG o.s.c.s.DefaultLifecycleProcessor - Bean 'taskScheduler' completed its stop procedure
2026-06-23 17:51:01.130 [N/A] [] [SpringApplicationShutdownHook] DEBUG o.s.c.s.DefaultLifecycleProcessor - Stopping beans in phase -2147483647
2026-06-23 17:51:01.130 [N/A] [] [SpringApplicationShutdownHook] DEBUG o.s.c.s.DefaultLifecycleProcessor - Bean 'springBootLoggingLifecycle' completed its stop procedure
2026-06-23 17:51:01.130 [N/A] [] [SpringApplicationShutdownHook] DEBUG o.s.s.c.ThreadPoolTaskScheduler - Shutting down ExecutorService 'taskScheduler'
2026-06-23 17:51:01.130 [N/A] [] [SpringApplicationShutdownHook] DEBUG o.s.s.c.ThreadPoolTaskExecutor - Shutting down ExecutorService 'applicationTaskExecutor'
2026-06-23 17:51:01.145 [N/A] [] [SpringApplicationShutdownHook] INFO  o.s.o.j.LocalContainerEntityManagerFactoryBean - Closing JPA EntityManagerFactory for persistence unit 'default'
2026-06-23 17:51:01.145 [N/A] [] [SpringApplicationShutdownHook] INFO  com.zaxxer.hikari.HikariDataSource - HikariPool-1 - Shutdown initiated...
2026-06-23 17:51:01.174 [N/A] [] [SpringApplicationShutdownHook] INFO  com.zaxxer.hikari.HikariDataSource - HikariPool-1 - Shutdown completed.
